<?xml version="1.0" encoding="utf-8"?>            
<TimeML><TEXT>
<TIMEX3 functionInDocument="CREATION_TIME" tid="t1" type="DATE" value="1999-05-19" />Printemps de l'environnement Les groupes <EVENT aspect="NONE" class="STATE" eid="e21" pos="ADJECTIVE" signalID="PRED=PRÊT" tense="NONE" vform="NONE">prêts</EVENT> à <EVENT aspect="NONE" class="OCCURRENCE" eid="e2" pos="VERB" signalID="PRED=ENTRER" tense="NONE" vform="INFINITIVE">entrer</EVENT> en action..
Trente-cinq volontaires ont <EVENT aspect="NONE" class="OCCURRENCE" eid="e3" pos="VERB" signalID="PRED=PARTICIPER" tense="PAST" vform="PASTPART">participé</EVENT> au <EVENT aspect="NONE" class="OCCURRENCE" eid="e22" pos="NOUN" signalID="PRED=PRINTEMPS" tense="NONE" vform="NONE">printemps</EVENT> de l'environnement sur le territoire de la commune de Deneuvre.
Ils s'étaient <EVENT aspect="PERFECTIVE" class="OCCURRENCE" eid="e5" pos="VERB" signalID="PRED=DONNER" tense="PAST" vform="PASTPART">donner</EVENT> <EVENT aspect="NONE" class="OCCURRENCE" eid="e23" pos="NOUN" signalID="PRED=RENDEZ-VOUS" tense="NONE" vform="NONE">rendez-vous</EVENT> <SIGNAL sid="s2">à</SIGNAL> <TIMEX3 tid="t4" type="TIME" value="T14:00">14 h</TIMEX3>, devant la mairie. L'<EVENT aspect="NONE" class="OCCURRENCE" eid="e6" pos="NOUN" signalID="PRED=OPÉRATION" tense="NONE" vform="NONE">opération</EVENT> avait été <EVENT aspect="PERFECTIVE" class="OCCURRENCE" eid="e7" pos="VERB" signalID="PRED=PROGRAMMER" tense="PAST" vform="PASTPART">programmée</EVENT> par Claude Moret, conseiller municipal qui avait <EVENT aspect="PERFECTIVE" class="I_ACTION" eid="e8" pos="VERB" signalID="PRED=PRÉVOIR" tense="PAST" vform="PASTPART">prévu</EVENT> de <EVENT aspect="NONE" class="OCCURRENCE" eid="e9" pos="VERB" signalID="PRED=DIVISER" tense="NONE" vform="INFINITIVE">diviser</EVENT> les volontaires en trois groupes qui <EVENT aspect="NONE" class="STATE" eid="e10" pos="NONE" signalID="PRED=AVOIR" tense="IMPERFECT" vform="NONE">avaient</EVENT> pour tâche de <EVENT aspect="NONE" class="OCCURRENCE" eid="e11" pos="VERB" signalID="PRED=RAMASSER" tense="NONE" vform="INFINITIVE">ramasser</EVENT> tous les détritus, sur des différents itinéraires.
Toutes les associations de Deneuvre étaient <EVENT aspect="NONE" class="STATE" eid="e13" pos="VERB" signalID="TENSE=IMPERFECT, PRED=REPRÉSENTER" tense="NONE" vform="PASTPART">représentées</EVENT> pour ce grand <EVENT aspect="NONE" class="OCCURRENCE" eid="e14" pos="NOUN" signalID="PRED=NETTOYAGE" tense="NONE" vform="NONE">nettoyage</EVENT>, environ 6 m3 de saletés ont été <EVENT aspect="NONE" class="OCCURRENCE" eid="e15" pos="VERB" signalID="PRED=RAMASSER" tense="PAST" vform="PASTPART">ramassés</EVENT> sur l'ensenble du territoire, soit près de 20 kg par personne.
Une <EVENT aspect="NONE" class="OCCURRENCE" eid="e16" pos="NOUN" signalID="PRED=OPÉRATION" tense="NONE" vform="NONE">opération</EVENT> trés citoyenne qui sera <EVENT aspect="NONE" class="OCCURRENCE" eid="e17" pos="ADJECTIVE" signalID="PRED=RENOUVELER" tense="FUTURE" vform="NONE">renouvelée</EVENT> <TIMEX3 anchorTimeID="T1" temporalFunction="TRUE" tid="t5" type="DATE" value="2000" valueFromFunction="TF13">l'an prochain</TIMEX3>, sans doute <SIGNAL sid="s3">à</SIGNAL> la date <EVENT aspect="NONE" class="I_STATE" eid="e18" pos="VERB" signalID="PRED=PRÉVOIR" tense="NONE" vform="PASTPART">prévue</EVENT> initialement soit <TIMEX3 anchorTimeID="T1" temporalFunction="TRUE" tid="t6" type="DATE" value="2000-03-26" valueFromFunction="TF14">le premier dimanche du printemps</TIMEX3>, pour que le <EVENT aspect="NONE" class="OCCURRENCE" eid="e19" pos="NOUN" signalID="PRED=RAMASSER" tense="NONE" vform="NONE">ramassage</EVENT> soit <EVENT aspect="NONE" class="STATE" eid="e20" pos="ADJECTIVE" signalID="PRED=EFFECTUER, MOOD=SUBJUNCTIVE" tense="PRESENT" vform="NONE">effectué</EVENT> dans des conditions plus faciles.
</TEXT><MAKEINSTANCE eiid="ei2" eventID="e2" /><MAKEINSTANCE eiid="ei3" eventID="e3" /><MAKEINSTANCE eiid="ei5" eventID="e5" /><MAKEINSTANCE eiid="ei6" eventID="e6" /><MAKEINSTANCE eiid="ei7" eventID="e7" /><MAKEINSTANCE eiid="ei8" eventID="e8" /><MAKEINSTANCE eiid="ei9" eventID="e9" /><MAKEINSTANCE eiid="ei10" eventID="e10" /><MAKEINSTANCE eiid="ei11" eventID="e11" /><MAKEINSTANCE eiid="ei13" eventID="e13" /><MAKEINSTANCE eiid="ei14" eventID="e14" /><MAKEINSTANCE eiid="ei15" eventID="e15" /><MAKEINSTANCE eiid="ei16" eventID="e16" /><MAKEINSTANCE eiid="ei17" eventID="e17" /><MAKEINSTANCE eiid="ei18" eventID="e18" /><MAKEINSTANCE eiid="ei19" eventID="e19" /><MAKEINSTANCE eiid="ei20" eventID="e20" /><MAKEINSTANCE eiid="ei21" eventID="e21" /><MAKEINSTANCE eiid="ei22" eventID="e22" /><MAKEINSTANCE eiid="ei23" eventID="e23" /></TimeML>
