<?xml version="1.0" encoding="utf-8"?>            
<TimeML><TEXT>
<TIMEX3 functionInDocument="CREATION_TIME" tid="t1" type="DATE" value="1999-08-07" /><EVENT aspect="NONE" class="OCCURRENCE" eid="e5" pos="NOUN" signalID="PRED=DISTRIBUTION" tense="NONE" vform="NONE">DISTRIBUTION</EVENT> DE LUNETTES.
Une <EVENT aspect="NONE" class="OCCURRENCE" eid="e1" pos="NOUN" signalID="PRED=DISTRIBUTION" tense="NONE" vform="NONE">distribution</EVENT> de lunettes spéciales pour <EVENT aspect="NONE" class="PERCEPTION" eid="e2" pos="VERB" signalID="PRED=REGARDER" tense="NONE" vform="INFINITIVE">regarder</EVENT> l'<EVENT aspect="NONE" class="OCCURRENCE" eid="e3" pos="NOUN" signalID="PRED=ÉCLIPSE" tense="NONE" vform="NONE">éclipse</EVENT> <EVENT aspect="NONE" class="EVENT_CONTAINER" eid="e4" pos="NONE" signalID="PRED=AVOIR" tense="FUTURE" vform="NONE">aura</EVENT> lieu pour les administrés <TIMEX3 tid="t2" type="DATE" value="1999-08-10">mardi 10 août</TIMEX3>, en mairie <SIGNAL sid="s1">de</SIGNAL> <TIMEX3 tid="t3" type="TIME" value="1999-08-10T10:00">10 h</TIMEX3> <SIGNAL sid="s2">à</SIGNAL> <TIMEX3 tid="t4" type="TIME" value="1999-08-10T12:00">12 h</TIMEX3>.
</TEXT><MAKEINSTANCE eiid="ei1" eventID="e1" /><MAKEINSTANCE eiid="ei2" eventID="e2" /><MAKEINSTANCE eiid="ei3" eventID="e3" /><MAKEINSTANCE eiid="ei4" eventID="e4" /><MAKEINSTANCE eiid="ei5" eventID="e5" /></TimeML>
