<?xml version="1.0" encoding="utf-8"?>            
<TimeML><TEXT>
<TIMEX3 functionInDocument="CREATION_TIME" tid="t1" type="DATE" value="1999-08-27" /><EVENT aspect="NONE" class="OCCURRENCE" eid="e65" pos="NOUN" signalID="PRED=MANDAT" tense="NONE" vform="NONE">Mandats</EVENT> de dépôt.
« L'<EVENT aspect="NONE" class="OCCURRENCE" eid="e64" pos="NOUN" signalID="PRED=ÉQUIPÉE" tense="NONE" vform="NONE">équipée</EVENT> sauvage » <SIGNAL sid="s1">de</SIGNAL> <TIMEX3 tid="t2" type="DATE" value="1999-08-23TNI">la nuit de lundi à mardi</TIMEX3> à Rambervillers a <EVENT aspect="NONE" class="STATE" eid="e1" pos="VERB" signalID="PRED=CONNAÎTRE" tense="PAST" vform="PASTPART">connu</EVENT> son <EVENT aspect="NONE" class="ASPECTUAL" eid="e66" pos="NOUN" signalID="PRED=ÉPILOGUE" tense="NONE" vform="NONE">épilogue</EVENT> <TIMEX3 anchorTimeID="T1" temporalFunction="TRUE" tid="t3" type="DATE" value="1999-08-26TMO" valueFromFunction="TF17">hier matin</TIMEX3>, devant le tribunal correctionnel d'Epinal : les cinq casseurs ont été <EVENT aspect="NONE" class="OCCURRENCE" eid="e2" pos="VERB" signalID="PRED=CONDUIRE" tense="PAST" vform="PASTPART">conduits</EVENT> à la maison d'arrêt <SIGNAL sid="s2">après</SIGNAL> leurs <EVENT aspect="NONE" class="OCCURRENCE" eid="e3" pos="NOUN" signalID="PRED=CONDAMNATION" tense="NONE" vform="NONE">condamnations</EVENT>, en <EVENT aspect="NONE" class="OCCURRENCE" eid="e52" pos="NOUN" signalID="PRED=COMPARUTION" tense="NONE" vform="NONE">comparution</EVENT> immédiate, à des peines de prison ferme.
<EVENT aspect="NONE" class="OCCURRENCE" eid="e4" pos="VERB" signalID="PRED=INTERPELLER" tense="NONE" vform="PASTPART">Interpellés</EVENT> <SIGNAL sid="s3">dès</SIGNAL> <TIMEX3 anchorTimeID="T1" temporalFunction="TRUE" tid="t4" type="DATE" value="1999-08-24TEV" valueFromFunction="TF4">mardi soir</TIMEX3> par les gendarmes qui n'avaient <EVENT aspect="PERFECTIVE" class="MODAL" eid="e6" polarity="NEG" pos="VERB" signalID="PRED=POUVOIR" tense="PAST" vform="PASTPART">pu</EVENT> <EVENT aspect="NONE" class="OCCURRENCE" eid="e7" modality="POSSIBILITY" pos="VERB" signalID="PRED=RATTRAPER" tense="NONE" vform="INFINITIVE">rattraper</EVENT> les fuyards <SIGNAL sid="s4">lors d'</SIGNAL>une <EVENT aspect="NONE" class="OCCURRENCE" eid="e8" pos="NOUN" signalID="PRED=COURSE" tense="NONE" vform="NONE">course-poursuite</EVENT>.
Elvis Weiss, Johnny Kadda, Abdelbaky Rahimi, Nordine Meguernes et Vincent Chenal, qui <EVENT aspect="NONE" class="STATE" eid="e9" pos="NONE" signalID="PRED=HABITER" tense="PRESENT" vform="NONE">habitent</EVENT> tous le même quartier, n'ont pas <EVENT aspect="NONE" class="I_STATE" eid="e10" polarity="NEG" pos="VERB" signalID="PRED=SAVOIR" tense="PAST" vform="PASTPART">su</EVENT> <EVENT aspect="NONE" class="REPORTING" eid="e11" pos="VERB" signalID="PRED=EXPLIQUER" tense="NONE" vform="INFINITIVE">expliquer</EVENT> pourquoi ils ont <EVENT aspect="NONE" class="OCCURRENCE" eid="e12" pos="VERB" signalID="PRED=CASSER" tense="PAST" vform="PASTPART">cassé</EVENT>, <EVENT aspect="NONE" class="OCCURRENCE" eid="e53" pos="VERB" signalID="PRED=DÉGRADER" tense="PAST" vform="PASTPART">dégradé</EVENT>, et <EVENT aspect="NONE" class="OCCURRENCE" eid="e13" pos="VERB" signalID="PRED=INCENDIER" tense="PAST" vform="PASTPART">incendié</EVENT> <SIGNAL sid="s5">au cours d'</SIGNAL>une <EVENT aspect="NONE" class="OCCURRENCE" eid="e14" pos="NOUN" signalID="PRED=VIRÉE" tense="NONE" vform="NONE">virée</EVENT> <TIMEX3 temporalFunction="FALSE" tid="t17" type="TIME" value="TNI">nocturne</TIMEX3> qui a <EVENT aspect="NONE" class="OCCURRENCE" eid="e15" pos="VERB" signalID="PRED=TOURNER" tense="PAST" vform="PASTPART">tourné</EVENT> au <EVENT aspect="NONE" class="OCCURRENCE" eid="e16" pos="NOUN" signalID="PRED=SACCAGE" tense="NONE" vform="NONE">saccage</EVENT> organisé.
« J'étais <EVENT aspect="NONE" class="STATE" eid="e18" pos="ADJECTIVE" signalID="PRED=ÉNERVER, TENSE=IMPERFECT" tense="NONE" vform="NONE">énervé</EVENT> », « Je ne <EVENT aspect="NONE" class="STATE" eid="e19" polarity="NEG" pos="NONE" signalID="PRED=SAVOIR" tense="PRESENT" vform="NONE">sais</EVENT> pas », « C'est <EVENT aspect="NONE" class="OCCURRENCE" eid="e20" pos="VERB" signalID="PRED=PARTIR" tense="PAST" vform="PASTPART">parti</EVENT> tout seul », « Ben, comme ça... » : des <EVENT aspect="NONE" class="REPORTING" eid="e21" pos="NOUN" signalID="PRED=RÉPONSE" tense="NONE" vform="NONE">réponses</EVENT> qui <EVENT aspect="NONE" class="OCCURRENCE" eid="e22" pos="NONE" signalID="PRED=ARRACHER" tense="PRESENT" vform="NONE">arrachent</EVENT> une moue d'incrédulité au président Lespérance.
Cinq vitrines <EVENT aspect="NONE" class="OCCURRENCE" eid="e54" pos="VERB" signalID="PRED=BRISER" tense="NONE" vform="PASTPART">brisées</EVENT>, un container <EVENT aspect="NONE" class="OCCURRENCE" eid="e55" pos="VERB" signalID="PRED=BRULER" tense="NONE" vform="PASTPART">brûlé</EVENT>, une quinzaine de jardinières <EVENT aspect="NONE" class="OCCURRENCE" eid="e23" pos="VERB" signalID="PRED=ARRACHER" tense="NONE" vform="PASTPART">arrachées</EVENT> et <EVENT aspect="NONE" class="OCCURRENCE" eid="e24" pos="VERB" signalID="PRED=JETER" tense="NONE" vform="PASTPART">jetées</EVENT> dans la Mortagne, trois <EVENT aspect="NONE" class="I_ACTION" eid="e25" pos="NOUN" signalID="PRED=TENTATIVE" tense="NONE" vform="NONE">tentatives</EVENT> de <EVENT aspect="NONE" class="OCCURRENCE" eid="e61" pos="NOUN" signalID="PRED=VOL" tense="NONE" vform="NONE">vol</EVENT> de voitures et un véhicule <EVENT aspect="NONE" class="OCCURRENCE" eid="e56" pos="VERB" signalID="PRED=INCENDIER" tense="NONE" vform="PASTPART">incendié</EVENT>, une <EVENT aspect="NONE" class="OCCURRENCE" eid="e26" pos="NOUN" signalID="PRED=EFFRACTION" tense="NONE" vform="NONE">effraction</EVENT> et du <EVENT aspect="NONE" class="OCCURRENCE" eid="e27" pos="NOUN" signalID="PRED=VOL" tense="NONE" vform="NONE">vol</EVENT> d'outillage à la piscine municipale, des <EVENT aspect="NONE" class="OCCURRENCE" eid="e28" pos="NOUN" signalID="PRED=DÉGRADATION" tense="NONE" vform="NONE">dégradations</EVENT> en série : la liste des <EVENT aspect="NONE" class="OCCURRENCE" eid="e29" pos="NOUN" signalID="PRED=MÉFAIT" tense="NONE" vform="NONE">méfaits</EVENT> et <EVENT aspect="NONE" class="OCCURRENCE" eid="e57" pos="NOUN" signalID="PRED=EXACTION" tense="NONE" vform="NONE">exactions</EVENT> <EVENT aspect="NONE" class="OCCURRENCE" eid="e58" pos="VERB" signalID="PRED=COMMETTRE" tense="NONE" vform="PASTPART">commis</EVENT> <SIGNAL sid="s9">entre</SIGNAL> <TIMEX3 tid="t5" type="TIME" value="1999-08-24T00:30">0 h 30</TIMEX3> <SIGNAL sid="s10">et</SIGNAL> <TIMEX3 tid="t6" type="TIME" value="1999-08-24T04:00">4 h mardi</TIMEX3> <EVENT aspect="NONE" class="STATE" eid="e30" pos="NONE" signalID="PRED=RESSEMBLER" tense="PRESENT" vform="NONE">ressemble</EVENT> à une litanie sans fin...
« La bande, <EVENT aspect="NONE" class="STATE" eid="e59" pos="ADJECTIVE" signalID="PRED=ARMER" tense="NONE" vform="NONE">armée</EVENT> de manches de pioche et de gourdins, a <EVENT aspect="NONE" class="I_ACTION" eid="e31" pos="VERB" signalID="PRED=SEMER, CLASS=CAUSE" tense="PAST" vform="PASTPART">semé</EVENT> le <EVENT aspect="NONE" class="STATE" eid="e62" pos="NOUN" signalID="PRED=TROUBLE" tense="NONE" vform="NONE">trouble</EVENT> dans la bourgade » : le substitut Weyland a <EVENT aspect="NONE" class="STATE" eid="e32" pos="VERB" signalID="PRED=REQUÉRIR" tense="PAST" vform="PASTPART">requis</EVENT> la sévérité. « Le petit <EVENT aspect="NONE" class="OCCURRENCE" eid="e33" pos="NOUN" signalID="PRED=TOUR" tense="NONE" vform="NONE">tour</EVENT> en ville a <EVENT aspect="NONE" class="OCCURRENCE" eid="e34" pos="VERB" signalID="PRED=TOURNER" tense="PAST" vform="PASTPART">tourné</EVENT> au <EVENT aspect="NONE" class="OCCURRENCE" eid="e35" pos="NOUN" signalID="PRED=SACCAGE" tense="NONE" vform="NONE">saccage</EVENT> général et gratuit ». Et de <EVENT aspect="NONE" class="I_ACTION" eid="e36" pos="VERB" signalID="PRED=DEMANDER" tense="NONE" vform="INFINITIVE">demander</EVENT> des <EVENT aspect="NONE" class="OCCURRENCE" eid="e63" pos="NOUN" signalID="PRED=PEINE" tense="NONE" vform="NONE">peines</EVENT> de prison ferme, <SIGNAL sid="s11">de</SIGNAL> <TIMEX3 functionInDocument="NONE" temporalFunction="FALSE" tid="t18" type="DURATION" value="P8M">8</TIMEX3> <SIGNAL sid="s13">à</SIGNAL> <TIMEX3 tid="t8" type="DURATION" value="P24M">24 mois</TIMEX3>, à l'encontre des prévenus.
Elvis Weiss, 20 ans, <EVENT aspect="NONE" class="STATE" eid="e37" pos="NONE" signalID="PRED=AVOIR" tense="PRESENT" vform="NONE">a</EVENT> déjà un casier judiciaire, comme ses copains Nordine Meguernes, 19 ans, et Abdelbaky Rahimi, 19 ans. Vincent Chenal, 19 ans, qui <EVENT aspect="NONE" class="STATE" eid="e38" pos="NONE" signalID="PRED=RECONNAÎTRE" tense="PRESENT" vform="NONE">reconnaît</EVENT> être l'incendiaire de la voiture et Johnny Kadda, 20 ans, n'ont jamais été <EVENT aspect="NONE" class="OCCURRENCE" eid="e40" polarity="NEG" pos="VERB" signalID="PRED=CONDAMNER" tense="PAST" vform="PASTPART">condamné</EVENT>.
Le quatuor des avocates, Mes Perrin, Leuvrey, Arnoult et Spor, n'a <EVENT aspect="NONE" class="MODAL" eid="e42" polarity="NEG" pos="VERB" signalID="PRED=POUVOIR" tense="PAST" vform="PASTPART">pu</EVENT> <EVENT aspect="NONE" class="OCCURRENCE" eid="e43" modality="POSSIBILITY" pos="VERB" signalID="PRED=OBTENIR" tense="NONE" vform="INFINITIVE">obtenir</EVENT> la clémence du tribunal, malgré des <EVENT aspect="NONE" class="OCCURRENCE" eid="e44" pos="NOUN" signalID="PRED=PLAIDOIRIE" tense="NONE" vform="NONE">plaidoiries</EVENT> axées sur la personnalité des membres de la bande, qui tous <EVENT aspect="NONE" class="STATE" eid="e46" pos="NONE" signalID="PRED=CONNAÎTRE" tense="PRESENT" vform="NONE">connaissent</EVENT> des difficultés familiales et <EVENT aspect="NONE" class="STATE" eid="e47" pos="NONE" signalID="PRED=AVOIR" tense="PRESENT" vform="NONE">ont</EVENT> une formation professionnelle ou une activité d'intérimaire.
Elvis Weiss, Nordine Meguernès et Vincent Chenal ont <EVENT aspect="NONE" class="OCCURRENCE" eid="e49" pos="VERB" signalID="PRED=ÉCOPER" tense="PAST" vform="PASTPART">écopé</EVENT> d'une <EVENT aspect="NONE" class="OCCURRENCE" eid="e60" pos="NOUN" signalID="PRED=PEINE" tense="NONE" vform="NONE">peine</EVENT> <SIGNAL sid="s14">de</SIGNAL> <TIMEX3 tid="t14" type="DURATION" value="P2Y">2 ans</TIMEX3> de prison ferme, Abdelbaky Rahimi <SIGNAL sid="s15">de</SIGNAL> <TIMEX3 tid="t15" type="DURATION" value="P10M">10 mois</TIMEX3> et Johnny Kadda <SIGNAL sid="s16">de</SIGNAL> <TIMEX3 tid="t16" type="DURATION" value="P8M">8 mois</TIMEX3>. Un <EVENT aspect="NONE" class="OCCURRENCE" eid="e67" pos="NOUN" signalID="PRED=MANDAT" tense="NONE" vform="NONE">mandat</EVENT> de dépôt a été <EVENT aspect="NONE" class="I_ACTION" eid="e51" pos="VERB" signalID="PRED=DÉCERNER" tense="PAST" vform="PASTPART">décerné</EVENT> par le tribunal à chacun des cinq casseurs.
Anne IRJUD
</TEXT><MAKEINSTANCE eiid="ei1" eventID="e1" /><MAKEINSTANCE eiid="ei2" eventID="e2" /><MAKEINSTANCE eiid="ei3" eventID="e3" /><MAKEINSTANCE eiid="ei4" eventID="e4" /><MAKEINSTANCE eiid="ei6" eventID="e6" /><MAKEINSTANCE eiid="ei7" eventID="e7" /><MAKEINSTANCE eiid="ei8" eventID="e8" /><MAKEINSTANCE eiid="ei9" eventID="e9" /><MAKEINSTANCE eiid="ei10" eventID="e10" /><MAKEINSTANCE eiid="ei11" eventID="e11" /><MAKEINSTANCE eiid="ei12" eventID="e12" /><MAKEINSTANCE eiid="ei13" eventID="e13" /><MAKEINSTANCE eiid="ei14" eventID="e14" /><MAKEINSTANCE eiid="ei15" eventID="e15" /><MAKEINSTANCE eiid="ei16" eventID="e16" /><MAKEINSTANCE eiid="ei18" eventID="e18" /><MAKEINSTANCE eiid="ei19" eventID="e19" /><MAKEINSTANCE eiid="ei20" eventID="e20" /><MAKEINSTANCE eiid="ei21" eventID="e21" /><MAKEINSTANCE eiid="ei22" eventID="e22" /><MAKEINSTANCE eiid="ei23" eventID="e23" /><MAKEINSTANCE eiid="ei24" eventID="e24" /><MAKEINSTANCE eiid="ei25" eventID="e25" /><MAKEINSTANCE eiid="ei26" eventID="e26" /><MAKEINSTANCE eiid="ei27" eventID="e27" /><MAKEINSTANCE eiid="ei28" eventID="e28" /><MAKEINSTANCE eiid="ei29" eventID="e29" /><MAKEINSTANCE eiid="ei30" eventID="e30" /><MAKEINSTANCE eiid="ei31" eventID="e31" /><MAKEINSTANCE eiid="ei32" eventID="e32" /><MAKEINSTANCE eiid="ei33" eventID="e33" /><MAKEINSTANCE eiid="ei34" eventID="e34" /><MAKEINSTANCE eiid="ei35" eventID="e35" /><MAKEINSTANCE eiid="ei36" eventID="e36" /><MAKEINSTANCE eiid="ei37" eventID="e37" /><MAKEINSTANCE eiid="ei38" eventID="e38" /><MAKEINSTANCE eiid="ei40" eventID="e40" /><MAKEINSTANCE eiid="ei42" eventID="e42" /><MAKEINSTANCE eiid="ei43" eventID="e43" /><MAKEINSTANCE eiid="ei44" eventID="e44" /><MAKEINSTANCE eiid="ei46" eventID="e46" /><MAKEINSTANCE eiid="ei47" eventID="e47" /><MAKEINSTANCE eiid="ei49" eventID="e49" /><MAKEINSTANCE eiid="ei51" eventID="e51" /><MAKEINSTANCE eiid="ei52" eventID="e52" /><MAKEINSTANCE eiid="ei53" eventID="e53" /><MAKEINSTANCE eiid="ei54" eventID="e54" /><MAKEINSTANCE eiid="ei55" eventID="e55" /><MAKEINSTANCE eiid="ei56" eventID="e56" /><MAKEINSTANCE eiid="ei57" eventID="e57" /><MAKEINSTANCE eiid="ei58" eventID="e58" /><MAKEINSTANCE eiid="ei59" eventID="e59" /><MAKEINSTANCE eiid="ei60" eventID="e60" /><MAKEINSTANCE eiid="ei61" eventID="e61" /><MAKEINSTANCE eiid="ei62" eventID="e62" /><MAKEINSTANCE eiid="ei63" eventID="e63" /><MAKEINSTANCE eiid="ei64" eventID="e64" /><MAKEINSTANCE eiid="ei65" eventID="e65" /><MAKEINSTANCE eiid="ei66" eventID="e66" /><MAKEINSTANCE eiid="ei67" eventID="e67" /></TimeML>
