<?xml version="1.0" encoding="utf-8"?>            
<TimeML><TEXT>
<TIMEX3 functionInDocument="CREATION_TIME" tid="t1" type="DATE" value="1999-07-28" />L'Agence universitaire de la francophonie <EVENT aspect="NONE" class="I_ACTION" eid="e1" pos="NONE" signalID="PRED=PORTER" tense="PRESENT" vform="NONE">porte</EVENT> <EVENT aspect="NONE" class="OCCURRENCE" eid="e2" pos="VERB" signalID="PRED=PLAINDRE" tense="NONE" vform="PASTPART">plainte</EVENT> pour <EVENT aspect="NONE" class="OCCURRENCE" eid="e15" pos="NOUN" signalID="PRED=DIFFAMATION" tense="NONE" vform="NONE">diffamation</EVENT>.- Le conseil d'administration de l'Agence universitaire de la francophonie (AUF) a <EVENT aspect="NONE" class="I_ACTION" eid="e4" pos="VERB" signalID="PRED=DÉCIDER" tense="PAST" vform="PASTPART">décidé</EVENT> de <EVENT aspect="NONE" class="I_ACTION" eid="e5" pos="VERB" signalID="PRED=PORTER" tense="NONE" vform="INFINITIVE">porter</EVENT> <EVENT aspect="NONE" class="OCCURRENCE" eid="e16" pos="NOUN" signalID="PRED=PLAINTE" tense="NONE" vform="NONE">plainte</EVENT> pour <EVENT aspect="NONE" class="OCCURRENCE" eid="e17" pos="NOUN" signalID="PRED=DIFFAMATION" tense="NONE" vform="NONE">diffamation</EVENT> <SIGNAL sid="s1">à la suite de</SIGNAL> la <EVENT aspect="NONE" class="OCCURRENCE" eid="e6" pos="NOUN" signalID="PRED=PUBLICATION" tense="NONE" vform="NONE">publication</EVENT> d'un rapport d'évaluation sur l'organisation. Le rapport en question, <EVENT aspect="NONE" class="OCCURRENCE" eid="e18" pos="VERB" signalID="PRED=REMETTRE" tense="NONE" vform="PASTPART">remis</EVENT> à M. Boutros Boutros-Ghali, secrétaire général de la francophonie, <EVENT aspect="NONE" class="I_STATE" eid="e10" pos="NONE" signalID="PRED=DRESSER" tense="PRESENT" vform="NONE">dresse</EVENT> un <EVENT aspect="NONE" class="OCCURRENCE" eid="e19" pos="NOUN" signalID="PRED=CONSTAT" tense="NONE" vform="NONE">constat</EVENT> très sévère de la <EVENT aspect="NONE" class="OCCURRENCE" eid="e12" pos="NOUN" signalID="PRED=GESTION" tense="NONE" vform="NONE">gestion</EVENT> de l'AUF, en <EVENT aspect="NONE" class="OCCURRENCE" eid="e13" pos="VERB" signalID="PRED=JUGER" tense="NONE" vform="GERUNDIVE">jugeant</EVENT> «<EVENT aspect="NONE" class="OCCURRENCE" eid="e20" pos="ADJECTIVE" signalID="PRED=IMPÉRATIF" tense="NONE" vform="NONE">impératif</EVENT> de <EVENT aspect="NONE" class="OCCURRENCE" eid="e14" modality="NECESSITY" pos="VERB" signalID="PRED=CRÉER" tense="NONE" vform="INFINITIVE">créer</EVENT> une nouvelle agence universitaire sur du solide».
</TEXT><MAKEINSTANCE eiid="ei1" eventID="e1" /><MAKEINSTANCE eiid="ei2" eventID="e2" /><MAKEINSTANCE eiid="ei4" eventID="e4" /><MAKEINSTANCE eiid="ei5" eventID="e5" /><MAKEINSTANCE eiid="ei6" eventID="e6" /><MAKEINSTANCE eiid="ei10" eventID="e10" /><MAKEINSTANCE eiid="ei12" eventID="e12" /><MAKEINSTANCE eiid="ei13" eventID="e13" /><MAKEINSTANCE eiid="ei14" eventID="e14" /><MAKEINSTANCE eiid="ei15" eventID="e15" /><MAKEINSTANCE eiid="ei16" eventID="e16" /><MAKEINSTANCE eiid="ei17" eventID="e17" /><MAKEINSTANCE eiid="ei18" eventID="e18" /><MAKEINSTANCE eiid="ei19" eventID="e19" /><MAKEINSTANCE eiid="ei20" eventID="e20" /></TimeML>
