<?xml version="1.0" encoding="utf-8"?>            
<TimeML><TEXT>
<TIMEX3 functionInDocument="CREATION_TIME" tid="t1" type="DATE" value="1999-05-21" /><EVENT aspect="NONE" class="OCCURRENCE" eid="e12" pos="NOUN" signalID="PRED=AGRESSION" tense="NONE" vform="NONE">Agression</EVENT> à Valdoie.
Un chauffeur de bus de 38 ans a été <EVENT aspect="NONE" class="OCCURRENCE" eid="e1" pos="VERB" signalID="PRED=PRENDRE" tense="PAST" vform="PASTPART">pris</EVENT> à partie et <EVENT aspect="NONE" class="OCCURRENCE" eid="e2" pos="VERB" signalID="PRED=AGRESSER" tense="PAST" vform="PASTPART">agressé</EVENT> par deux individus, <TIMEX3 anchorTimeID="T1" mod="APPROX" temporalFunction="TRUE" tid="t3" type="DATE" value="1999-05-20T18:00" valueFromFunction="TF17">hier vers 18 h</TIMEX3>, place de la Mairie à Valdoie. Deux gardiens de la paix, qui <EVENT aspect="NONE" class="I_ACTION" eid="e3" pos="NONE" signalID="PRED=TENTER" tense="IMPERFECT" vform="NONE">tentaient</EVENT> de s'<EVENT aspect="NONE" class="OCCURRENCE" eid="e4" pos="VERB" signalID="PRED=INTERPOSER" tense="NONE" vform="INFINITIVE">interposer</EVENT>, ont été légèrement <EVENT aspect="NONE" class="OCCURRENCE" eid="e5" pos="VERB" signalID="PRED=BLESSER" tense="PAST" vform="PASTPART">blessés</EVENT> à leur tour. Les auteurs de l'<EVENT aspect="NONE" class="OCCURRENCE" eid="e7" pos="NOUN" signalID="PRED=AGRESSION" tense="NONE" vform="NONE">agression</EVENT> ont été <EVENT aspect="NONE" class="OCCURRENCE" eid="e8" pos="VERB" signalID="PRED=INTERPELLER" tense="PAST" vform="PASTPART">interpellés</EVENT> et <EVENT aspect="NONE" class="OCCURRENCE" eid="e9" pos="VERB" signalID="PRED=CONDUIRE" tense="PAST" vform="PASTPART">conduits</EVENT> au commissariat de police pour y être <EVENT aspect="NONE" class="OCCURRENCE" eid="e10" pos="VERB" signalID="PRED=ENTENDRE" tense="NONE" vform="PASTPART">entendus</EVENT>. De leur côté, les pompiers de Valdoie ont <EVENT aspect="NONE" class="OCCURRENCE" eid="e11" pos="VERB" signalID="PRED=CONDUIRE" tense="PAST" vform="PASTPART">conduit</EVENT> trois blessés légers à l'hôpital de Belfort.
</TEXT><MAKEINSTANCE eiid="ei1" eventID="e1" /><MAKEINSTANCE eiid="ei2" eventID="e2" /><MAKEINSTANCE eiid="ei3" eventID="e3" /><MAKEINSTANCE eiid="ei4" eventID="e4" /><MAKEINSTANCE eiid="ei5" eventID="e5" /><MAKEINSTANCE eiid="ei7" eventID="e7" /><MAKEINSTANCE eiid="ei8" eventID="e8" /><MAKEINSTANCE eiid="ei9" eventID="e9" /><MAKEINSTANCE eiid="ei10" eventID="e10" /><MAKEINSTANCE eiid="ei11" eventID="e11" /><MAKEINSTANCE eiid="ei12" eventID="e12" /></TimeML>
