<?xml version="1.0" encoding="utf-8"?>            
<TimeML><TEXT>
<TIMEX3 functionInDocument="CREATION_TIME" tid="t1" type="DATE" value="1999-06-04" />Cassis <EVENT aspect="NONE" class="OCCURRENCE" eid="e21" pos="VERB" signalID="PRED=EXEMPTER" tense="NONE" vform="PASTPART">exempté</EVENT> de quarantaine.
Tony Blair est <EVENT aspect="NONE" class="OCCURRENCE" eid="e1" pos="VERB" signalID="PRED=INTERVENIR" tense="PAST" vform="PASTPART">intervenu</EVENT> personnellement pour <EVENT aspect="NONE" class="OCCURRENCE" eid="e2" pos="VERB" signalID="PRED=EXEMPTER" tense="NONE" vform="INFINITIVE">exempter</EVENT> officiellement de quarantaine le chien d'un jeune Britannique de 15 ans, <EVENT aspect="NONE" class="STATE" eid="e22" pos="VERB" signalID="PRED=ATTEINDRE" tense="NONE" vform="PASTPART">atteint</EVENT> d'un cancer et en <EVENT aspect="NONE" class="STATE" eid="e23" pos="NOUN" signalID="PRED=CONVALESCENCE" tense="NONE" vform="NONE">convalescence</EVENT> en France. <EVENT aspect="NONE" class="I_STATE" eid="e3" pos="VERB" signalID="PRED=CRAINDRE" tense="NONE" vform="PRESPART">Craignant</EVENT> de ne plus <EVENT aspect="NONE" class="PERCEPTION" eid="e4" pos="VERB" signalID="PRED=REVOIR" tense="NONE" vform="INFINITIVE">revoir</EVENT> son chien <SIGNAL sid="s1">à</SIGNAL> son <EVENT aspect="NONE" class="OCCURRENCE" eid="e5" pos="NOUN" signalID="PRED=RETOUR" tense="NONE" vform="NONE">retour</EVENT> en Angleterre, William a <EVENT aspect="NONE" class="OCCURRENCE" eid="e6" pos="VERB" signalID="PRED=ÉCRIRE" tense="PAST" vform="PASTPART">écrit</EVENT> une lettre au Premier ministre britannique en lui <EVENT aspect="NONE" class="I_ACTION" eid="e7" pos="NONE" signalID="PRED=DEMANDER, NF_MORF=GERUNDIVE" tense="NONE" vform="NONE">demandant</EVENT> <SIGNAL sid="s5">s'</SIGNAL>il lui était <EVENT aspect="NONE" class="MODAL" eid="e25" pos="NONE" signalID="PRED=POSSIBLE" tense="NONE" vform="NONE">possible</EVENT> «d'<EVENT aspect="NONE" class="OCCURRENCE" eid="e8" pos="VERB" signalID="PRED=ACCÉLÉRER" tense="NONE" vform="INFINITIVE">accélérer</EVENT> la <EVENT aspect="NONE" class="OCCURRENCE" eid="e9" pos="NOUN" signalID="PRED=RÉFORME" tense="NONE" vform="NONE">réforme</EVENT>» de ce système ancestral <EVENT aspect="NONE" class="STATE" eid="e10" pos="ADJECTIVE" signalID="PRED=DESTINER" tense="NONE" vform="NONE">destiné</EVENT> à <EVENT aspect="NONE" class="OCCURRENCE" eid="e11" pos="VERB" signalID="PRED=PROTÉGER" tense="NONE" vform="INFINITIVE">protéger</EVENT> les animaux insulaires de la rage, pour qu'il «<EVENT aspect="NONE" class="MODAL" eid="e13" pos="NONE" signalID="MOOD=SUBJUNCTIVE, PRED=POUVOIR" tense="PRESENT" vform="NONE">puisse</EVENT> <EVENT aspect="NONE" class="OCCURRENCE" eid="e14" modality="PERMISSION" pos="VERB" signalID="PRED=RENTRER" tense="NONE" vform="INFINITIVE">rentrer</EVENT> en Angleterre avec son chien... ». Dans une lettre <EVENT aspect="NONE" class="STATE" eid="e15" pos="VERB" signalID="PRED=SIGNER" tense="NONE" vform="PASTPART">signée</EVENT> de sa main, Tony Blair est «heureux d'<EVENT aspect="NONE" class="REPORTING" eid="e16" pos="VERB" signalID="PRED=ANNONCER" tense="NONE" vform="INFINITIVE">annoncer</EVENT> qu'en raison des circonstances exceptionnelles, Cassis est <EVENT aspect="NONE" class="STATE" eid="e17" pos="VERB" signalID="PRED=EXEMPTER" tense="PRESENT" vform="PASTPART">exempté</EVENT> de quarantaine». Il <EVENT aspect="NONE" class="OCCURRENCE" eid="e18" pos="NONE" signalID="PRED=RECEVOIR" tense="FUTURE" vform="NONE">recevra</EVENT> en avant première, <SIGNAL sid="s4">après</SIGNAL> <EVENT aspect="NONE" class="OCCURRENCE" eid="e24" pos="NOUN" signalID="PRED=VERIFICATION" tense="NONE" vform="NONE">vérifications</EVENT> du ministère de l'Agriculture, un passeport pour animaux domestiques, qui <EVENT aspect="NONE" class="MODAL" eid="e19" pos="NONE" signalID="MOOD=CONDITIONAL, PRED=DEVOIR" tense="PRESENT" vform="NONE">devrait</EVENT> normalement <EVENT aspect="NONE" class="OCCURRENCE" eid="e20" modality="PROBABILITY" pos="VERB" signalID="PRED=ENTRER" tense="NONE" vform="INFINITIVE">entrer</EVENT> en vigueur <SIGNAL sid="s3">en</SIGNAL> <TIMEX3 tid="t3" type="DATE" value="2001-04">avril 2001</TIMEX3>.
</TEXT><MAKEINSTANCE eiid="ei1" eventID="e1" /><MAKEINSTANCE eiid="ei2" eventID="e2" /><MAKEINSTANCE eiid="ei3" eventID="e3" /><MAKEINSTANCE eiid="ei4" eventID="e4" /><MAKEINSTANCE eiid="ei5" eventID="e5" /><MAKEINSTANCE eiid="ei6" eventID="e6" /><MAKEINSTANCE eiid="ei7" eventID="e7" /><MAKEINSTANCE eiid="ei8" eventID="e8" /><MAKEINSTANCE eiid="ei9" eventID="e9" /><MAKEINSTANCE eiid="ei10" eventID="e10" /><MAKEINSTANCE eiid="ei11" eventID="e11" /><MAKEINSTANCE eiid="ei13" eventID="e13" /><MAKEINSTANCE eiid="ei14" eventID="e14" /><MAKEINSTANCE eiid="ei15" eventID="e15" /><MAKEINSTANCE eiid="ei16" eventID="e16" /><MAKEINSTANCE eiid="ei17" eventID="e17" /><MAKEINSTANCE eiid="ei18" eventID="e18" /><MAKEINSTANCE eiid="ei19" eventID="e19" /><MAKEINSTANCE eiid="ei20" eventID="e20" /><MAKEINSTANCE eiid="ei21" eventID="e21" /><MAKEINSTANCE eiid="ei22" eventID="e22" /><MAKEINSTANCE eiid="ei23" eventID="e23" /><MAKEINSTANCE eiid="ei24" eventID="e24" /><MAKEINSTANCE eiid="ei25" eventID="e25" /></TimeML>
