<?xml version="1.0" encoding="utf-8"?>            
<TimeML><TEXT>
<TIMEX3 functionInDocument="CREATION_TIME" tid="t1" type="DATE" value="1999-09-03" />Les deux otages français <EVENT aspect="NONE" class="STATE" eid="e1" pos="VERB" signalID="PRED=TRAVAILLER" tense="NONE" vform="PRESPART">travaillant</EVENT> pour l'ambassade de France à Sanaa ont été <EVENT aspect="NONE" class="OCCURRENCE" eid="e2" pos="VERB" signalID="PRED=LIBÉRER" tense="PAST" vform="PASTPART">libérés</EVENT> sains et saufs <TIMEX3 anchorTimeID="T1" temporalFunction="TRUE" tid="t2" type="DATE" value="1999-09-02" valueFromFunction="TF17">hier</TIMEX3> <SIGNAL sid="s1">après</SIGNAL> <TIMEX3 tid="t3" type="DURATION" value="P12D">douze jours</TIMEX3> de <EVENT aspect="NONE" class="STATE" eid="e5" pos="NOUN" signalID="PRED=CAPTIVITÉ" tense="NONE" vform="NONE">captivité</EVENT> entre les mains d'une tribu armée, du Yemen. Irénée Herbet, responsable de l'enseignement du français à Sanaa et son épouse, Tara Steimer Herbet, archéologue étaient <EVENT aspect="NONE" class="STATE" eid="e4" pos="VERB" signalID="PRED=DÉTENIR" tense="PAST" vform="PASTPART">détenus</EVENT> à 140 km de Sanaa.
</TEXT><MAKEINSTANCE eiid="ei1" eventID="e1" /><MAKEINSTANCE eiid="ei2" eventID="e2" /><MAKEINSTANCE eiid="ei4" eventID="e4" /><MAKEINSTANCE eiid="ei5" eventID="e5" /></TimeML>
