<?xml version="1.0" encoding="utf-8"?>            
<TimeML><TEXT>
<TIMEX3 functionInDocument="CREATION_TIME" tid="t1" type="DATE" value="1999-05-27" /><EVENT aspect="NONE" class="OCCURRENCE" eid="e9" pos="NOUN" signalID="PRED=PROCÈS" tense="NONE" vform="NONE">Procès</EVENT> Nivel à Essen: la défense a <EVENT aspect="NONE" class="OCCURRENCE" eid="e2" pos="VERB" signalID="PRED=MARQUER" tense="PAST" vform="PASTPART">marqué</EVENT> des points, <TIMEX3 anchorTimeID="T1" temporalFunction="TRUE" tid="t2" type="DATE" value="1999-05-26" valueFromFunction="TF17">hier</TIMEX3>, en <EVENT aspect="NONE" class="OCCURRENCE" eid="e3" pos="VERB" signalID="PRED=UTILISER" tense="NONE" vform="GERUNDIVE">utilisant</EVENT> un témoignage confus devant la Cour d'assises d'Essen (ouest) qui <EVENT aspect="NONE" class="OCCURRENCE" eid="e5" pos="NONE" signalID="PRED=JUGER" tense="PRESENT" vform="NONE">juge</EVENT> quatre hooligans pour le <EVENT aspect="NONE" class="OCCURRENCE" eid="e6" pos="NOUN" signalID="PRED=LYNCHAGE" tense="NONE" vform="NONE">lynchage</EVENT> du gendarme français Daniel Nivel, <TIMEX3 temporalFunction="TRUE" tid="t3" type="DATE" value="1998-06-21">le 21 juin</TIMEX3> à Lens (nord de la France). A la barre, Peter Walke, électricien allemand de 37 ans, s'est <EVENT aspect="NONE" class="OCCURRENCE" eid="e10" pos="VERB" signalID="PRED=EMMÊLER" tense="PAST" vform="PASTPART">emmêlé</EVENT> dans sa <EVENT aspect="NONE" class="OCCURRENCE" eid="e7" pos="NOUN" signalID="PRED=DÉPOSITION" tense="NONE" vform="NONE">déposition</EVENT>, en totale contradiction avec celle qu'il <EVENT aspect="NONE" class="STATE" eid="e8" pos="NONE" signalID="PRED=AVOIR" tense="IMPERFECT" vform="NONE">avait</EVENT> devant des policiers allemands.
</TEXT><MAKEINSTANCE eiid="ei2" eventID="e2" /><MAKEINSTANCE eiid="ei3" eventID="e3" /><MAKEINSTANCE eiid="ei5" eventID="e5" /><MAKEINSTANCE eiid="ei6" eventID="e6" /><MAKEINSTANCE eiid="ei7" eventID="e7" /><MAKEINSTANCE eiid="ei8" eventID="e8" /><MAKEINSTANCE eiid="ei9" eventID="e9" /><MAKEINSTANCE eiid="ei10" eventID="e10" /></TimeML>
