<?xml version="1.0" encoding="utf-8"?>            
<TimeML><TEXT>
<TIMEX3 functionInDocument="CREATION_TIME" tid="t1" type="DATE" value="1999-05-23" />Rythmes <EVENT aspect="NONE" class="OCCURRENCE" eid="e65" pos="VERB" signalID="PRED=AMENAGER" tense="NONE" vform="PASTPART">aménagés</EVENT>.
Son équipe d'école a <EVENT aspect="NONE" class="I_ACTION" eid="e1" pos="VERB" signalID="PRED=DÉCIDER" tense="PAST" vform="PASTPART">décidé</EVENT> d'<EVENT aspect="NONE" class="OCCURRENCE" eid="e2" pos="VERB" signalID="PRED=AMÉNAGER" tense="NONE" vform="INFINITIVE">aménager</EVENT> ses rythmes de vie à l'école <SIGNAL sid="s1">dès</SIGNAL> <TIMEX3 tid="t2" type="DATE" value="1998-10">octobre 98</TIMEX3>. La municipalité a <EVENT aspect="NONE" class="I_ACTION" eid="e4" pos="VERB" signalID="PRED=ENGAGER" tense="PAST" vform="PASTPART">engagé</EVENT> une <EVENT aspect="NONE" class="I_STATE" eid="e5" pos="NOUN" signalID="PRED=RÉFLEXION" tense="NONE" vform="NONE">réflexion</EVENT> générale sur un <EVENT aspect="NONE" class="OCCURRENCE" eid="e66" pos="NOUN" signalID="PRED=PROJET" tense="NONE" vform="NONE">projet</EVENT> d'envergure <EVENT aspect="NONE" class="I_ACTION" eid="e6" pos="VERB" signalID="PRED=VISER" tense="NONE" vform="PRESPART">visant</EVENT> à <EVENT aspect="NONE" class="OCCURRENCE" eid="e7" pos="VERB" signalID="PRED=CRÉER" tense="NONE" vform="INFINITIVE">créer</EVENT> les cohérences indispensables entre scolarisation et animation de la vie sociale dans la commune. Le contrat éducatif local sera la complémentarité affirmée dans la diversité et une <EVENT aspect="NONE" class="OCCURRENCE" eid="e12" pos="NOUN" signalID="PRED=COLLABORATION" tense="NONE" vform="NONE">collaboration</EVENT> <EVENT aspect="NONE" class="I_ACTION" eid="e68" pos="VERB" signalID="PRED=ORGANISER" tense="NONE" vform="PASTPART">organisée</EVENT> entre les différents partenaires, dans le respect de leurs prérogatives, en <EVENT aspect="NONE" class="I_ACTION" eid="e13" pos="VERB" signalID="PRED=PROPOSER" tense="NONE" vform="GERUNDIVE">proposant</EVENT> aux enfants et aux adolescents des <EVENT aspect="NONE" class="OCCURRENCE" eid="e69" pos="NOUN" signalID="PRED=ACTIVITE" tense="NONE" vform="NONE">activités</EVENT> en dehors des heures scolaires, en <EVENT aspect="NONE" class="OCCURRENCE" eid="e14" pos="VERB" signalID="PRED=VISER" tense="NONE" vform="GERUNDIVE">visant</EVENT> un large public (enfants, adolescents, élèves maternelles, élémentaires et collèges).
L'adjoint <EVENT aspect="NONE" class="REPORTING" eid="e15" pos="NONE" signalID="PRED=PRÉCISER" tense="PAST" vform="NONE">précisa</EVENT> : « Bavilliers <EVENT aspect="NONE" class="MODAL" eid="e16" pos="NONE" signalID="PRED=POUVOIR" tense="PRESENT" vform="NONE">peut</EVENT> <EVENT aspect="NONE" class="I_ACTION" eid="e70" modality="POSSIBILITY" pos="VERB" signalID="PRED=REUSSIR" tense="NONE" vform="INFINITIVE">réussir</EVENT> à <EVENT aspect="NONE" class="OCCURRENCE" eid="e18" pos="VERB" signalID="PRED=DÉVELOPPER" tense="NONE" vform="INFINITIVE">développer</EVENT> tous ces objectifs, car le <EVENT aspect="NONE" class="OCCURRENCE" eid="e71" pos="NOUN" signalID="PRED=PROJET" tense="NONE" vform="NONE">projet</EVENT> <EVENT aspect="NONE" class="OCCURRENCE" eid="e72" pos="VERB" signalID="PRED=PRESENTER" tense="NONE" vform="PASTPART">présenté</EVENT> <EVENT aspect="NONE" class="STATE" eid="e19" pos="NONE" signalID="PRED=RASSEMBLER" tense="PRESENT" vform="NONE">rassemble</EVENT> tous les éléments nécessaires pour y <EVENT aspect="NONE" class="OCCURRENCE" eid="e20" pos="VERB" signalID="PRED=PARVENIR" tense="NONE" vform="INFINITIVE">parvenir</EVENT>. Ce <EVENT aspect="NONE" class="OCCURRENCE" eid="e73" pos="NOUN" signalID="PRED=PROJET" tense="NONE" vform="NONE">projet</EVENT> a <EVENT aspect="NONE" class="I_STATE" eid="e21" pos="VERB" signalID="PRED=DEMANDER" tense="PAST" vform="PASTPART">demandé</EVENT> un <EVENT aspect="NONE" class="OCCURRENCE" eid="e22" pos="NOUN" signalID="PRED=TRAVAIL" tense="NONE" vform="NONE">travail</EVENT> sérieux de diagnostic local et d'état des lieux de l'existant, et <EVENT aspect="NONE" class="STATE" eid="e23" pos="NONE" signalID="PRED=PRÉSENTER" tense="PRESENT" vform="NONE">présente</EVENT> les schémas de développement de multiples activités, diverses et variées. La commune, <EVENT aspect="NONE" class="STATE" eid="e92" pos="ADJECTIVE" signalID="PRED=CONSCIENT" tense="NONE" vform="NONE">consciente</EVENT> de l'enjeu, est <EVENT aspect="NONE" class="STATE" eid="e76" pos="ADJECTIVE" signalID="PRED=PRÊT" tense="NONE" vform="NONE">prête</EVENT> à se <EVENT aspect="NONE" class="OCCURRENCE" eid="e24" pos="VERB" signalID="PRED=LANCER" tense="NONE" vform="INFINITIVE">lancer</EVENT> dans ces <EVENT aspect="NONE" class="OCCURRENCE" eid="e77" pos="NOUN" signalID="PRED=PROJET" tense="NONE" vform="NONE">projets</EVENT>, car elle a <EVENT aspect="NONE" class="I_STATE" eid="e25" pos="VERB" signalID="PRED=SAVOIR" tense="PAST" vform="PASTPART">su</EVENT> <EVENT aspect="NONE" class="OCCURRENCE" eid="e26" pos="VERB" signalID="PRED=INITIER" tense="NONE" vform="INFINITIVE">initier</EVENT> des politiques dynamiques en faveur de l'enfance, la petite enfance et le public jeune <EVENT aspect="NONE" class="STATE" eid="e27" pos="VERB" signalID="PRED=OFFRIR" tense="NONE" vform="PRESPART">offrant</EVENT> un panel de loisirs considérables conformes aux objectifs <EVENT aspect="NONE" class="OCCURRENCE" eid="e28" pos="VERB" signalID="PRED=FIXER" tense="NONE" vform="PASTPART">fixés</EVENT> par nos partenaires financiers ».
Programme d'investissements.
« De plus, <SIGNAL sid="s6">dès</SIGNAL> <TIMEX3 tid="t4" type="DATE" value="2001">l'année 2001</TIMEX3>, la municipalité <EVENT aspect="NONE" class="STATE" eid="e93" pos="ADJECTIVE" signalID="PRED=CONSCIENT" tense="NONE" vform="NONE">consciente</EVENT> des besoins <EVENT aspect="NONE" class="STATE" eid="e29" pos="VERB" signalID="PRED=EXPRIMER" tense="NONE" vform="PASTPART">exprimés</EVENT>, <EVENT aspect="NONE" class="I_STATE" eid="e30" pos="NONE" signalID="PRED=ENVISAGER" tense="PRESENT" vform="NONE">envisage</EVENT> d'<EVENT aspect="NONE" class="OCCURRENCE" eid="e31" pos="VERB" signalID="PRED=ENGAGER" tense="NONE" vform="INFINITIVE">engager</EVENT> un lourd programme d'investissements <EVENT aspect="NONE" class="STATE" eid="e32" pos="VERB" signalID="PRED=COMPRENDRE" tense="NONE" vform="PRESPART">comprenant</EVENT> la <EVENT aspect="NONE" class="OCCURRENCE" eid="e33" pos="NOUN" signalID="PRED=RESTRUCTURATION" tense="NONE" vform="NONE">restructuration</EVENT> des locaux de l'école maternelle et du centre de loisirs associé à l'école. La <EVENT aspect="NONE" class="OCCURRENCE" eid="e35" pos="NOUN" signalID="PRED=CRÉATION" tense="NONE" vform="NONE">création</EVENT> d'un nouvel espace de restauration sur le site de l'école primaire. »
« Ces deux <EVENT aspect="NONE" class="OCCURRENCE" eid="e82" pos="NOUN" signalID="PRED=PROJET" tense="NONE" vform="NONE">projets</EVENT> <EVENT aspect="NONE" class="STATE" eid="e36" pos="NONE" signalID="PRED=ALLER" tense="PRESENT" vform="NONE">vont</EVENT> dans le sens de la politique <EVENT aspect="NONE" class="OCCURRENCE" eid="e37" pos="VERB" signalID="PRED=MENER" tense="NONE" vform="PASTPART">menée</EVENT> par les élus pour le <EVENT aspect="NONE" class="OCCURRENCE" eid="e38" pos="NOUN" signalID="PRED=DÉVELOPPEMENT" tense="NONE" vform="NONE">développement</EVENT> de l'accueil des 0-6 ans et le <EVENT aspect="NONE" class="OCCURRENCE" eid="e39" pos="NOUN" signalID="PRED=DÉVELOPPEMENT" tense="NONE" vform="NONE">développement</EVENT> des loisirs pour les 6-16 ans ».
Un <EVENT aspect="NONE" class="OCCURRENCE" eid="e83" pos="NOUN" signalID="PRED=PROJET" tense="NONE" vform="NONE">projet</EVENT> auquel sont étroitement <EVENT aspect="NONE" class="STATE" eid="e40" pos="VERB" signalID="PRED=ASSOCIER" tense="PAST" vform="PASTPART">associés</EVENT> la Caf et Jeunesse et sport, ainsi que les différents acteurs locaux.
La municipalité, la Caisse d'allocations familiales et Jeunesse et sports ont <EVENT aspect="NONE" class="OCCURRENCE" eid="e41" pos="VERB" signalID="PRED=PRÉSENTER" tense="PAST" vform="PASTPART">présenté</EVENT>, au centre Jean-Moulin, la mouture finale du contrat éducatif local, le premier du Territoire de Belfort, qui sera <EVENT aspect="NONE" class="OCCURRENCE" eid="e43" pos="ADJECTIVE" signalID="PRED=SIGNER" tense="FUTURE" vform="NONE">signé</EVENT> <SIGNAL sid="s7">en</SIGNAL> <TIMEX3 anchorTimeID="T1" temporalFunction="TRUE" tid="t7" type="DATE" value="1999-06" valueFromFunction="TF10">juin prochain</TIMEX3> avec le préfet.
Daniel Lanquetin, maire, en préambule à cette <EVENT aspect="NONE" class="OCCURRENCE" eid="e44" pos="NOUN" signalID="PRED=PRÉSENTATION" tense="NONE" vform="NONE">présentation</EVENT>, <EVENT aspect="NONE" class="REPORTING" eid="e45" pos="NONE" signalID="PRED=RAPPELER" tense="PAST" vform="NONE">rappela</EVENT> que le jeunesse a toujours été une préoccupation des élus : « Si nous avons <EVENT aspect="NONE" class="OCCURRENCE" eid="e46" pos="VERB" signalID="PRED=METTRE" tense="PAST" vform="PASTPART">mis</EVENT> du temps pour <EVENT aspect="NONE" class="OCCURRENCE" eid="e47" pos="VERB" signalID="PRED=ÉLABORER" tense="NONE" vform="INFINITIVE">élaborer</EVENT> ce contrat, c'est que nous avons <EVENT aspect="NONE" class="I_ACTION" eid="e48" pos="VERB" signalID="PRED=CHERCHER" tense="PAST" vform="PASTPART">cherché</EVENT> à <EVENT aspect="NONE" class="OCCURRENCE" eid="e49" pos="VERB" signalID="PRED=TROUVER" tense="NONE" vform="INFINITIVE">trouver</EVENT> les meilleures <EVENT aspect="NONE" class="OCCURRENCE" eid="e50" pos="NOUN" signalID="PRED=SOLUTION" tense="NONE" vform="NONE">solutions</EVENT> dans notre collectivité. <EVENT aspect="NONE" class="OCCURRENCE" eid="e51" pos="VERB" signalID="PRED=PRENDRE" tense="NONE" vform="INFINITIVE">Prendre</EVENT> le projet dans sa globalité pour <EVENT aspect="NONE" class="STATE" eid="e52" pos="VERB" signalID="CLASS=CAUSE, PRED=AVOIR" tense="NONE" vform="INFINITIVE">avoir</EVENT> un contrat qui soit cohérent, en relation avec nos partenaires, les intervenants locaux, tout en tenant compte des coûts budgétaires, afin de <EVENT aspect="NONE" class="I_ACTION" eid="e53" pos="VERB" signalID="PRED=PERMETTRE" tense="NONE" vform="INFINITIVE">permettre</EVENT> sa <EVENT aspect="NONE" class="OCCURRENCE" eid="e54" pos="NOUN" signalID="PRED=RÉUSSITE" tense="NONE" vform="NONE">réussite</EVENT> et son <EVENT aspect="NONE" class="OCCURRENCE" eid="e87" pos="NOUN" signalID="PRED=EFFICACITE" tense="NONE" vform="NONE">efficacité</EVENT> pour l'<EVENT aspect="NONE" class="OCCURRENCE" eid="e94" pos="NOUN" signalID="PRED=ÉPANOUISSEMENT" tense="NONE" vform="NONE">épanouissement</EVENT> des enfants. »
Le maire <EVENT aspect="NONE" class="OCCURRENCE" eid="e56" pos="NONE" signalID="PRED=PASSER" tense="PAST" vform="NONE">passa</EVENT> la <EVENT aspect="NONE" class="OCCURRENCE" eid="e57" pos="NOUN" signalID="PRED=PAROLE" tense="NONE" vform="NONE">parole</EVENT> à Jean-Pierre Thabourin pour la <EVENT aspect="NONE" class="OCCURRENCE" eid="e58" pos="NOUN" signalID="PRED=PRÉSENTATION" tense="NONE" vform="NONE">présentation</EVENT> du contrat éducatif local. Ces contrats concernent l'<EVENT aspect="NONE" class="OCCURRENCE" eid="e60" pos="NOUN" signalID="PRED=AMÉNAGEMENT" tense="NONE" vform="NONE">aménagement</EVENT> du temps de l'activité de l'enfant, englobant les <EVENT aspect="NONE" class="OCCURRENCE" eid="e62" pos="NOUN" signalID="PRED=AMÉNAGEMENT" tense="NONE" vform="NONE">aménagements</EVENT> liés au temps périscolaire et extra-scolaire <EVENT aspect="NONE" class="OCCURRENCE" eid="e63" pos="VERB" signalID="PRED=METTRE" tense="NONE" vform="PASTPART">mis</EVENT> en place <SIGNAL sid="s11">depuis</SIGNAL> <TIMEX3 tid="t8" type="DATE" value="1998">1998</TIMEX3>. L'école Maurice-Henry, qui <EVENT aspect="NONE" class="STATE" eid="e64" pos="NONE" signalID="PRED=COMPTER" tense="PRESENT" vform="NONE">compte</EVENT> 287 élèves, est le premier groupe scolaire du département de part son effectif.
</TEXT><MAKEINSTANCE eiid="ei1" eventID="e1" /><MAKEINSTANCE eiid="ei2" eventID="e2" /><MAKEINSTANCE eiid="ei4" eventID="e4" /><MAKEINSTANCE eiid="ei5" eventID="e5" /><MAKEINSTANCE eiid="ei6" eventID="e6" /><MAKEINSTANCE eiid="ei7" eventID="e7" /><MAKEINSTANCE eiid="ei12" eventID="e12" /><MAKEINSTANCE eiid="ei13" eventID="e13" /><MAKEINSTANCE eiid="ei14" eventID="e14" /><MAKEINSTANCE eiid="ei15" eventID="e15" /><MAKEINSTANCE eiid="ei16" eventID="e16" /><MAKEINSTANCE eiid="ei18" eventID="e18" /><MAKEINSTANCE eiid="ei19" eventID="e19" /><MAKEINSTANCE eiid="ei20" eventID="e20" /><MAKEINSTANCE eiid="ei21" eventID="e21" /><MAKEINSTANCE eiid="ei22" eventID="e22" /><MAKEINSTANCE eiid="ei23" eventID="e23" /><MAKEINSTANCE eiid="ei24" eventID="e24" /><MAKEINSTANCE eiid="ei25" eventID="e25" /><MAKEINSTANCE eiid="ei26" eventID="e26" /><MAKEINSTANCE eiid="ei27" eventID="e27" /><MAKEINSTANCE eiid="ei28" eventID="e28" /><MAKEINSTANCE eiid="ei29" eventID="e29" /><MAKEINSTANCE eiid="ei30" eventID="e30" /><MAKEINSTANCE eiid="ei31" eventID="e31" /><MAKEINSTANCE eiid="ei32" eventID="e32" /><MAKEINSTANCE eiid="ei33" eventID="e33" /><MAKEINSTANCE eiid="ei35" eventID="e35" /><MAKEINSTANCE eiid="ei36" eventID="e36" /><MAKEINSTANCE eiid="ei37" eventID="e37" /><MAKEINSTANCE eiid="ei38" eventID="e38" /><MAKEINSTANCE eiid="ei39" eventID="e39" /><MAKEINSTANCE eiid="ei40" eventID="e40" /><MAKEINSTANCE eiid="ei41" eventID="e41" /><MAKEINSTANCE eiid="ei43" eventID="e43" /><MAKEINSTANCE eiid="ei44" eventID="e44" /><MAKEINSTANCE eiid="ei45" eventID="e45" /><MAKEINSTANCE eiid="ei46" eventID="e46" /><MAKEINSTANCE eiid="ei47" eventID="e47" /><MAKEINSTANCE eiid="ei48" eventID="e48" /><MAKEINSTANCE eiid="ei49" eventID="e49" /><MAKEINSTANCE eiid="ei50" eventID="e50" /><MAKEINSTANCE eiid="ei51" eventID="e51" /><MAKEINSTANCE eiid="ei52" eventID="e52" /><MAKEINSTANCE eiid="ei53" eventID="e53" /><MAKEINSTANCE eiid="ei54" eventID="e54" /><MAKEINSTANCE eiid="ei56" eventID="e56" /><MAKEINSTANCE eiid="ei57" eventID="e57" /><MAKEINSTANCE eiid="ei58" eventID="e58" /><MAKEINSTANCE eiid="ei60" eventID="e60" /><MAKEINSTANCE eiid="ei62" eventID="e62" /><MAKEINSTANCE eiid="ei63" eventID="e63" /><MAKEINSTANCE eiid="ei64" eventID="e64" /><MAKEINSTANCE eiid="ei65" eventID="e65" /><MAKEINSTANCE eiid="ei66" eventID="e66" /><MAKEINSTANCE eiid="ei68" eventID="e68" /><MAKEINSTANCE eiid="ei69" eventID="e69" /><MAKEINSTANCE eiid="ei70" eventID="e70" /><MAKEINSTANCE eiid="ei71" eventID="e71" /><MAKEINSTANCE eiid="ei72" eventID="e72" /><MAKEINSTANCE eiid="ei73" eventID="e73" /><MAKEINSTANCE eiid="ei76" eventID="e76" /><MAKEINSTANCE eiid="ei77" eventID="e77" /><MAKEINSTANCE eiid="ei82" eventID="e82" /><MAKEINSTANCE eiid="ei83" eventID="e83" /><MAKEINSTANCE eiid="ei87" eventID="e87" /><MAKEINSTANCE eiid="ei92" eventID="e92" /><MAKEINSTANCE eiid="ei93" eventID="e93" /><MAKEINSTANCE eiid="ei94" eventID="e94" /></TimeML>
