<?xml version="1.0" encoding="utf-8"?>            
<TimeML><TEXT>
<TIMEX3 functionInDocument="CREATION_TIME" tid="t1" type="DATE" value="1999-06-12" />PONT-A-MOUSSON.- Les individus qui ont <EVENT aspect="NONE" class="OCCURRENCE" eid="e2" pos="VERB" signalID="PRED=BRAQUER" tense="PAST" vform="PASTPART">braqué</EVENT> le chauffeur d'une société de surveillance de Vandœre, <TIMEX3 anchorTimeID="T1" temporalFunction="TRUE" tid="t2" type="DATE" value="1999-06-11TAF" valueFromFunction="TF5">hier après-midi</TIMEX3>, près de Pont-à-Mousson, ont <EVENT aspect="NONE" class="MODAL" eid="e3" pos="VERB" signalID="PRED=DEVOIR" tense="PAST" vform="PASTPART">dû</EVENT> être fortement <EVENT aspect="NONE" class="STATE" eid="e4" modality="PROBABILITY" pos="ADJECTIVE" signalID="PRED=DÉCEVOIR" tense="PAST" vform="NONE">déçus</EVENT> en <EVENT aspect="NONE" class="OCCURRENCE" eid="e5" pos="VERB" signalID="PRED=DÉCOUVRIR" tense="NONE" vform="GERUNDIVE">découvrant</EVENT> leur butin. Les sept mallettes <EVENT aspect="NONE" class="OCCURRENCE" eid="e20" pos="VERB" signalID="PRED=DÉROBER" tense="NONE" vform="PASTPART">dérobées</EVENT> dans des circonstances particulièrement risquées sur une bretelle d'autoroute, ne <EVENT aspect="NONE" class="STATE" eid="e7" polarity="NEG" pos="NONE" signalID="PRED=CONTENIR" tense="IMPERFECT" vform="NONE">contenaient</EVENT> ni le plus petit billet de banque ni le moindre chèque. Même pas une pièce de monnaie. Les mallettes étaient <EVENT aspect="NONE" class="STATE" eid="e8" pos="ADJECTIVE" signalID="PRED=REMPLIR, TENSE=IMPERFECT" tense="PAST" vform="NONE">remplies</EVENT> de disquettes informatiques sans aucune valeur marchande.
Alain Parmentier, 53 ans, employé de la société Lorraine de surveillance Protec <EVENT aspect="NONE" class="OCCURRENCE" eid="e9" pos="NONE" signalID="PRED=EFFECTUER" tense="IMPERFECT" vform="NONE">effectuait</EVENT>, <TIMEX3 anchorTimeID="T1" temporalFunction="TRUE" tid="t4" type="DATE" value="1999-06-11" valueFromFunction="TF17">hier</TIMEX3>, une <EVENT aspect="NONE" class="OCCURRENCE" eid="e10" pos="NOUN" signalID="PRED=MISSION" tense="NONE" vform="NONE">mission</EVENT> banale. Un <EVENT aspect="NONE" class="OCCURRENCE" eid="e21" pos="NOUN" signalID="PRED=ALLER-RETOUR" tense="NONE" vform="NONE">aller-retour</EVENT> entre Vandœuvre et Pont-à-Mousson pour <EVENT aspect="NONE" class="OCCURRENCE" eid="e11" pos="VERB" signalID="PRED=METTRE" tense="NONE" vform="INFINITIVE">mettre</EVENT> en sécurité sept mallettes métallisées <EVENT aspect="NONE" class="STATE" eid="e12" pos="VERB" signalID="PRED=CONTENIR" tense="NONE" vform="PRESPART">contenant</EVENT> des disquettes informatiques <EVENT aspect="NONE" class="OCCURRENCE" eid="e13" pos="VERB" signalID="PRED=TRAITER" tense="NONE" vform="PASTPART">traitées</EVENT> pour le compte des ASSEDIC du Nord-Est par la société CSIA de Pont-à-Mousson. Ces disquettes <EVENT aspect="NONE" class="STATE" eid="e15" pos="NONE" signalID="PRED=CONTENIR" tense="PRESENT" vform="NONE">contiennent</EVENT> des informations très confidentielles. Il <EVENT aspect="NONE" class="MODAL" eid="e17" pos="NONE" signalID="PRED=FALLOIR" tense="PRESENT" vform="NONE">faut</EVENT> les <EVENT aspect="NONE" class="OCCURRENCE" eid="e18" modality="NECESSITY" pos="VERB" signalID="PRED=ARCHIVER" tense="NONE" vform="INFINITIVE">archiver</EVENT>. Mais elles ne <EVENT aspect="NONE" class="STATE" eid="e19" polarity="NEG" pos="NONE" signalID="PRED=PRÉSENTER" tense="PRESENT" vform="NONE">présentent</EVENT> aucun intérêt pour les particuliers.
</TEXT><MAKEINSTANCE eiid="ei2" eventID="e2" /><MAKEINSTANCE eiid="ei3" eventID="e3" /><MAKEINSTANCE eiid="ei4" eventID="e4" /><MAKEINSTANCE eiid="ei5" eventID="e5" /><MAKEINSTANCE eiid="ei7" eventID="e7" /><MAKEINSTANCE eiid="ei8" eventID="e8" /><MAKEINSTANCE eiid="ei9" eventID="e9" /><MAKEINSTANCE eiid="ei10" eventID="e10" /><MAKEINSTANCE eiid="ei11" eventID="e11" /><MAKEINSTANCE eiid="ei12" eventID="e12" /><MAKEINSTANCE eiid="ei13" eventID="e13" /><MAKEINSTANCE eiid="ei15" eventID="e15" /><MAKEINSTANCE eiid="ei17" eventID="e17" /><MAKEINSTANCE eiid="ei18" eventID="e18" /><MAKEINSTANCE eiid="ei19" eventID="e19" /><MAKEINSTANCE eiid="ei20" eventID="e20" /><MAKEINSTANCE eiid="ei21" eventID="e21" /></TimeML>
