<?xml version="1.0" encoding="utf-8"?>            
<TimeML><TEXT>
<TIMEX3 functionInDocument="CREATION_TIME" tid="t1" type="DATE" value="1999-08-06" />Evidemment, les <EVENT aspect="NONE" class="OCCURRENCE" eid="e1" pos="NOUN" signalID="PRED=VENTE" tense="NONE" vform="NONE">ventes</EVENT> de journaux étrangers <EVENT aspect="NONE" class="STATE" eid="e2" pos="NONE" signalID="PRED=CONNAÎTRE" tense="PRESENT" vform="NONE">connaissent</EVENT> un <EVENT aspect="NONE" class="OCCURRENCE" eid="e3" pos="NOUN" signalID="PRED=BOOM" tense="NONE" vform="NONE">boom</EVENT> <SIGNAL sid="s1">en</SIGNAL> <TIMEX3 tid="t2" type="DATE" value="XXXX-SU">été</TIMEX3>. La <EVENT aspect="NONE" class="OCCURRENCE" eid="e4" pos="NOUN" signalID="PRED=VENUE" tense="NONE" vform="NONE">venue</EVENT> massive de touristes dans l'hexagone, en grande partie des Hollandais, est à l'origine du phénomène.
Hervé Mangin, le patron du camping de Bouzey, <EVENT aspect="NONE" class="REPORTING" eid="e6" pos="NONE" signalID="PRED=CONFIRMER" tense="PRESENT" vform="NONE">confirme</EVENT>. « Je <EVENT aspect="NONE" class="OCCURRENCE" eid="e7" pos="NONE" signalID="PRED=METTRE" tense="PRESENT" vform="NONE">mets</EVENT> les quotidiens étrangers en rayon <SIGNAL sid="s5">à partir du</SIGNAL> <TIMEX3 tid="t4" type="DATE" value="XXXX-06">mois de juin</TIMEX3>. <SIGNAL sid="s6">Avant</SIGNAL>, ça ne <EVENT aspect="NONE" class="STATE" eid="e8" polarity="NEG" pos="NONE" signalID="PRED=VALOIR" tense="PRESENT" vform="NONE">vaut</EVENT> pas le coup. » <SIGNAL sid="s7">Pendant</SIGNAL> <TIMEX3 functionInDocument="NONE" temporalFunction="FALSE" tid="t17" type="DATE" value="XXXX-SU">les mois d'été,</TIMEX3> et particulièrement <SIGNAL sid="s8">entre</SIGNAL> <TIMEX3 tid="t5" type="DATE" value="XXXX-07-15">le 15 juillet</TIMEX3> <SIGNAL sid="s9">et</SIGNAL> <TIMEX3 tid="t6" type="DATE" value="XXXX-08-15">le 15 août</TIMEX3>, le camping <EVENT aspect="NONE" class="STATE" eid="e11" pos="NONE" signalID="PRED=AFFICHER" tense="PRESENT" vform="NONE">affiche</EVENT> complet. Une belle <EVENT aspect="NONE" class="OCCURRENCE" eid="e12" pos="NOUN" signalID="PRED=PERFORMANCE" tense="NONE" vform="NONE">performance</EVENT>.
<SIGNAL sid="s2">En</SIGNAL> <TIMEX3 tid="t7" type="DATE" value="1995">1995</TIMEX3>, Hervé Mangin a <EVENT aspect="NONE" class="OCCURRENCE" eid="e13" pos="VERB" signalID="PRED=INSTALLER" tense="PAST" vform="PASTPART">installé</EVENT> une petite supérette où les résidents <EVENT aspect="NONE" class="MODAL" eid="e14" pos="NONE" signalID="PRED=POUVOIR" tense="PRESENT" vform="NONE">peuvent</EVENT> se <EVENT aspect="NONE" class="OCCURRENCE" eid="e15" modality="POSSIBILITY" pos="VERB" signalID="PRED=PROCURER" tense="NONE" vform="INFINITIVE">procurer</EVENT> tout ce dont ils <EVENT aspect="NONE" class="STATE" eid="e16" pos="NONE" signalID="PRED=AVOIR" tense="PRESENT" vform="NONE">ont</EVENT> besoin. Le rayon presse étrangère est bien <EVENT aspect="NONE" class="STATE" eid="e18" pos="ADJECTIVE" signalID="PRED=ACHALANDER" tense="PRESENT" vform="NONE">achalandé</EVENT>. Quatorze titres en magasin pour les revues, essentiellement féminines et sportives, et les principaux quotidiens nationaux étrangers.
Hans et Anja, des habitués néerlandais du camping, se <EVENT aspect="NONE" class="OCCURRENCE" eid="e21" pos="NONE" signalID="PRED=PROCURER" tense="PRESENT" vform="NONE">procurent</EVENT> <TIMEX3 quant="EVERY" tid="t9" type="SET" value="P1D">chaque jour</TIMEX3> De Telegraaf ou l'Algemeen Dagblad. Le journal étranger acheté en France est beaucoup plus cher que dans le pays d'origine mais les étrangers, bien plus que les Français, sont des lecteurs assidus de la presse quotidienne.
Même si la <EVENT aspect="NONE" class="OCCURRENCE" eid="e23" pos="NOUN" signalID="PRED=GESTION" tense="NONE" vform="NONE">gestion</EVENT> des invendus est très rigide et que ce marché <EVENT aspect="NONE" class="STATE" eid="e24" pos="NONE" signalID="PRED=REPRÉSENTER" tense="PRESENT" vform="NONE">représente</EVENT> une toute petite part du chiffre d'affaire du point de vente, c'est un service que le dépositaire se <EVENT aspect="NONE" class="MODAL" eid="e26" pos="NONE" signalID="PRED=DEVOIR" tense="PRESENT" vform="NONE">doit</EVENT> d'<EVENT aspect="NONE" class="OCCURRENCE" eid="e27" modality="OBLIGATION" pos="VERB" signalID="PRED=OFFRIR" tense="NONE" vform="INFINITIVE">offrir</EVENT> à son client étranger.
Un service obligatoire.
En ville, le son de cloche est un petit peu différent. A la Maison de la presse d'Epinal, les journaux étrangers, c'est <TIMEX3 quant="EVERY" tid="t11" type="SET" value="P1D">toute l'année</TIMEX3>. « Même si cela <EVENT aspect="NONE" class="STATE" eid="e30" pos="NONE" signalID="PRED=REPRÉSENTER" tense="PRESENT" vform="NONE">représente</EVENT> zéro et des poussières sur le total des recettes, c'est un service obligatoire », <EVENT aspect="NONE" class="REPORTING" eid="e32" pos="NONE" signalID="PRED=ANALYSER" tense="PRESENT" vform="NONE">analyse</EVENT> le propriétaire, Jean Motsch. Il <EVENT aspect="NONE" class="I_ACTION" eid="e33" pos="NONE" signalID="PRED=AVOUER" tense="PRESENT" vform="NONE">avoue</EVENT> <EVENT aspect="NONE" class="OCCURRENCE" eid="e34" pos="VERB" signalID="PRED=VENDRE" tense="NONE" vform="INFINITIVE">vendre</EVENT> ses parutions étrangères, une vingtaine de titres pour les quotidiens, de manière constante, même si forcément, la <EVENT aspect="NONE" class="OCCURRENCE" eid="e36" pos="NOUN" signalID="PRED=DEMANDE" tense="NONE" vform="NONE">demande</EVENT> <EVENT aspect="NONE" class="OCCURRENCE" eid="e37" pos="NONE" signalID="PRED=AUGMENTER" tense="PRESENT" vform="NONE">augmente</EVENT> <SIGNAL sid="s3">en</SIGNAL> <TIMEX3 tid="t13" type="DATE" value="XXXX-SU">été</TIMEX3>.
Sa clientèle est composée de touristes, de gens de passage, mais aussi d'habitués. Des profs de langue d'Epinal, des entrepreneurs, des Spinaliens d'origine étrangère, et surtout des expatriés, Allemands, Américains, Irlandais qui <EVENT aspect="NONE" class="OCCURRENCE" eid="e39" pos="NONE" signalID="PRED=TRAVAILLER" tense="PRESENT" vform="NONE">travaillent</EVENT> dans les entreprises locales.
Le quotidien étranger le plus vendu est le Néerlandais De Volkskrat. « Les Hollandais sont les plus gros consommateurs de quotidiens mais ils n'<EVENT aspect="NONE" class="OCCURRENCE" eid="e41" polarity="POS" pos="NONE" signalID="PRED=ACHETER" tense="PRESENT" vform="NONE">achètent</EVENT> que ça, <SIGNAL sid="s4">alors que</SIGNAL> les Allemands ou les Anglais <EVENT aspect="NONE" class="OCCURRENCE" eid="e42" pos="NONE" signalID="PRED=ENTRER" tense="PRESENT" vform="NONE">entrent</EVENT> pour <EVENT aspect="NONE" class="OCCURRENCE" eid="e43" pos="VERB" signalID="PRED=ACHETER" tense="NONE" vform="INFINITIVE">acheter</EVENT> le canard et <EVENT aspect="NONE" class="OCCURRENCE" eid="e44" pos="NONE" signalID="PRED=REPARTIR" tense="PRESENT" vform="NONE">repartent</EVENT> avec un guide ou un ouvrage sur la région », <EVENT aspect="NONE" class="REPORTING" eid="e46" pos="NONE" signalID="PRED=CONFIER" tense="PRESENT" vform="NONE">confie</EVENT> Jean Motsch.
Finalement, les journaux étrangers sont un produit incontournable dans un point presse. <SIGNAL sid="s10">A</SIGNAL> <TIMEX3 functionInDocument="NONE" temporalFunction="FALSE" tid="t18" type="DATE" value="PRESENT_REF">l'heure de l'Europe et de la mondialisation</TIMEX3>, ils <EVENT aspect="NONE" class="STATE" eid="e49" pos="NONE" signalID="PRED=FAIRE" tense="PRESENT" vform="NONE">font</EVENT> partie des prestations évidentes. <TIMEX3 tid="t15" type="DATE" value="XXXX-SU">Eté</TIMEX3> comme <TIMEX3 tid="t16" type="DATE" value="XXXX-WI">hiver</TIMEX3>.
Anne BIANCHI
</TEXT><MAKEINSTANCE eiid="ei1" eventID="e1" /><MAKEINSTANCE eiid="ei2" eventID="e2" /><MAKEINSTANCE eiid="ei3" eventID="e3" /><MAKEINSTANCE eiid="ei4" eventID="e4" /><MAKEINSTANCE eiid="ei6" eventID="e6" /><MAKEINSTANCE eiid="ei7" eventID="e7" /><MAKEINSTANCE eiid="ei8" eventID="e8" /><MAKEINSTANCE eiid="ei11" eventID="e11" /><MAKEINSTANCE eiid="ei12" eventID="e12" /><MAKEINSTANCE eiid="ei13" eventID="e13" /><MAKEINSTANCE eiid="ei14" eventID="e14" /><MAKEINSTANCE eiid="ei15" eventID="e15" /><MAKEINSTANCE eiid="ei16" eventID="e16" /><MAKEINSTANCE eiid="ei18" eventID="e18" /><MAKEINSTANCE eiid="ei21" eventID="e21" /><MAKEINSTANCE eiid="ei23" eventID="e23" /><MAKEINSTANCE eiid="ei24" eventID="e24" /><MAKEINSTANCE eiid="ei26" eventID="e26" /><MAKEINSTANCE eiid="ei27" eventID="e27" /><MAKEINSTANCE eiid="ei30" eventID="e30" /><MAKEINSTANCE eiid="ei32" eventID="e32" /><MAKEINSTANCE eiid="ei33" eventID="e33" /><MAKEINSTANCE eiid="ei34" eventID="e34" /><MAKEINSTANCE eiid="ei36" eventID="e36" /><MAKEINSTANCE eiid="ei37" eventID="e37" /><MAKEINSTANCE eiid="ei39" eventID="e39" /><MAKEINSTANCE eiid="ei41" eventID="e41" /><MAKEINSTANCE eiid="ei42" eventID="e42" /><MAKEINSTANCE eiid="ei43" eventID="e43" /><MAKEINSTANCE eiid="ei44" eventID="e44" /><MAKEINSTANCE eiid="ei46" eventID="e46" /><MAKEINSTANCE eiid="ei49" eventID="e49" /></TimeML>
