<?xml version="1.0" encoding="utf-8"?>            
<TimeML><TEXT>
<TIMEX3 functionInDocument="CREATION_TIME" tid="t1" type="DATE" value="1999-09-05" />LA FARANDOLE.
La halte-garderie La Farandole <EVENT aspect="NONE" class="OCCURRENCE" eid="e3" pos="NONE" signalID="PRED=ROUVRIR" tense="FUTURE" vform="NONE">rouvrira</EVENT> ses portes <TIMEX3 tid="t2" type="DATE" value="1999-09-06">lundi 6 septembre</TIMEX3> <SIGNAL sid="s1">à partir de</SIGNAL> <TIMEX3 tid="t3" type="TIME" value="1999-09-06T08:30">8 h 30</TIMEX3>.
Les premières <EVENT aspect="NONE" class="OCCURRENCE" eid="e4" pos="NOUN" signalID="PRED=INSCRIPTION" tense="NONE" vform="NONE">inscriptions</EVENT> se <EVENT aspect="NONE" class="OCCURRENCE" eid="e5" pos="NONE" signalID="PRED=FAIRE" tense="FUTURE" vform="NONE">feront</EVENT> <TIMEX3 tid="t4" type="DATE" value="1999-09-06TAF">ce même lundi après-midi</TIMEX3>, <SIGNAL sid="s2">de</SIGNAL> <TIMEX3 tid="t5" type="TIME" value="1999-09-06T13:30">13 h 30</TIMEX3> <SIGNAL sid="s3">à</SIGNAL> <TIMEX3 tid="t6" type="TIME" value="1999-09-06T15:30">15 h 30</TIMEX3>. Les <EVENT aspect="NONE" class="OCCURRENCE" eid="e6" pos="NOUN" signalID="PRED=INSCRIPTION" tense="NONE" vform="NONE">inscriptions</EVENT> <EVENT aspect="NONE" class="EVENT_CONTAINER" eid="e7" pos="NONE" signalID="PRED=AVOIR" tense="FUTURE" vform="NONE">auront</EVENT> lieu <SIGNAL sid="s4">ensuite</SIGNAL> <TIMEX3 quant="EVERY" tid="t7" type="SET" value="XXXX-WXX-4">tous les jeudis</TIMEX3> aux heures d'ouverture aux Epis, 4 bis, avenue du Général de Gaulle (tél. 03.83.74.37.70).
</TEXT><MAKEINSTANCE eiid="ei3" eventID="e3" /><MAKEINSTANCE eiid="ei4" eventID="e4" /><MAKEINSTANCE eiid="ei5" eventID="e5" /><MAKEINSTANCE eiid="ei6" eventID="e6" /><MAKEINSTANCE eiid="ei7" eventID="e7" /></TimeML>
