<?xml version="1.0" encoding="utf-8"?>            
<TimeML><TEXT>
<TIMEX3 functionInDocument="CREATION_TIME" tid="t1" type="DATE" value="1999-06-12" />Une nécropole <EVENT aspect="NONE" class="STATE" eid="e1" pos="VERB" signalID="PRED=CONTENIR" tense="NONE" vform="PRESPART">contenant</EVENT> 200 momies bien conservées et richement recouvertes d'or a été <EVENT aspect="NONE" class="OCCURRENCE" eid="e3" pos="VERB" signalID="PRED=DÉCOUVRIR" tense="PAST" vform="PASTPART">découverte</EVENT> dans l'oasis de Bahareya dans le désert occidental égyptien. La nécropole, qui <EVENT aspect="NONE" class="STATE" eid="e4" pos="NONE" signalID="PRED=REMONTER" tense="PRESENT" vform="NONE">remonte</EVENT> <SIGNAL sid="s1">à</SIGNAL> <TIMEX3 functionInDocument="NONE" temporalFunction="FALSE" tid="t2" type="DATE" value="PAST_REF">l'époque greco-romaine</TIMEX3>, est <EVENT aspect="NONE" class="STATE" eid="e5" pos="VERB" signalID="PRED=COMPOSER" tense="PRESENT" vform="PASTPART">composée</EVENT> de quatre tombes <EVENT aspect="NONE" class="STATE" eid="e6" pos="VERB" signalID="PRED=REGROUPER" tense="NONE" vform="PRESPART">regroupant</EVENT> chacune cinquante momies <EVENT aspect="NONE" class="OCCURRENCE" eid="e9" pos="VERB" signalID="PRED=RETROUVER" tense="NONE" vform="PASTPART">retrouvées</EVENT> en piles alignées les unes contre les autres.
</TEXT><MAKEINSTANCE eiid="ei1" eventID="e1" /><MAKEINSTANCE eiid="ei3" eventID="e3" /><MAKEINSTANCE eiid="ei4" eventID="e4" /><MAKEINSTANCE eiid="ei5" eventID="e5" /><MAKEINSTANCE eiid="ei6" eventID="e6" /><MAKEINSTANCE eiid="ei9" eventID="e9" /></TimeML>
