<?xml version="1.0" encoding="utf-8"?>            
<TimeML><TEXT>
<TIMEX3 functionInDocument="CREATION_TIME" tid="t1" type="DATE" value="1999-06-12" />L'Union nationale des associations de parents et amis de personnes handicapées mentales (UNAPEI) a <EVENT aspect="NONE" class="I_ACTION" eid="e2" pos="VERB" signalID="PRED=DÉNONCER" tense="PAST" vform="PASTPART">dénoncé</EVENT> <TIMEX3 anchorTimeID="T1" temporalFunction="TRUE" tid="t2" type="DATE" value="1999-06-11" valueFromFunction="TF17">hier</TIMEX3> le «<EVENT aspect="NONE" class="STATE" eid="e10" pos="NOUN" signalID="PRED=SCANDALE" tense="NONE" vform="NONE">scandale</EVENT>» des quelques 10 à 15.000 enfants handicapés mentaux, selon son <EVENT aspect="NONE" class="REPORTING" eid="e4" pos="NOUN" signalID="PRED=ESTIMATION" tense="NONE" vform="NONE">estimation</EVENT>, qui sont <EVENT aspect="NONE" class="MODAL" eid="e5" pos="VERB" signalID="PRED=OBLIGER" tense="PRESENT" vform="PASTPART">obligés</EVENT> de <EVENT aspect="NONE" class="OCCURRENCE" eid="e6" modality="OBLIGATION" pos="VERB" signalID="PRED=RESTER" tense="NONE" vform="INFINITIVE">rester</EVENT> chez eux faute de scolarisation. Pour l'UNAPEI, les 20 mesures <EVENT aspect="NONE" class="REPORTING" eid="e8" pos="VERB" signalID="PRED=ANNONCER" tense="NONE" vform="PASTPART">annoncées</EVENT> par la ministre de l'Education Nationale Ségolène Royal dans son plan d'intégration des handicapés à l'école «sont toutes acceptables mais insuffisantes, notamment faute de moyens». Pour l'UNAPEI, il <EVENT aspect="NONE" class="STATE" eid="e9" pos="NONE" signalID="PRED=MANQUER" tense="PRESENT" vform="NONE">manque</EVENT> 250 postes d'instituteurs spécialisés.
</TEXT><MAKEINSTANCE eiid="ei2" eventID="e2" /><MAKEINSTANCE eiid="ei4" eventID="e4" /><MAKEINSTANCE eiid="ei5" eventID="e5" /><MAKEINSTANCE eiid="ei6" eventID="e6" /><MAKEINSTANCE eiid="ei8" eventID="e8" /><MAKEINSTANCE eiid="ei9" eventID="e9" /><MAKEINSTANCE eiid="ei10" eventID="e10" /></TimeML>
