<?xml version="1.0" encoding="utf-8"?>            
<TimeML><TEXT>
<TIMEX3 functionInDocument="CREATION_TIME" tid="t1" type="DATE" value="1999-05-20" /><EVENT aspect="NONE" class="OCCURRENCE" eid="e24" pos="NOUN" signalID="PRED=EXPLOIT" tense="NONE" vform="NONE">Exploit</EVENT> des Knicks à Atlanta.
WASHINGTON. _ Les Utah Jazz, <EVENT aspect="NONE" class="STATE" eid="e25" pos="NOUN" signalID="PRED=DAUPHIN" tense="NONE" vform="NONE">dauphins</EVENT> des Chicago Bulls <SIGNAL sid="s1">depuis</SIGNAL> <TIMEX3 tid="t2" type="DURATION" value="P2Y">deux ans</TIMEX3> et <EVENT aspect="NONE" class="STATE" eid="e27" pos="ADJECTIVE" signalID="PRED=FAVORI" tense="NONE" vform="NONE">favoris</EVENT> pour la <EVENT aspect="NONE" class="OCCURRENCE" eid="e1" modality="PROBABILITY" pos="NOUN" signalID="PRED=SUCCESSION" tense="NONE" vform="NONE">succession</EVENT> <EVENT aspect="NONE" class="OCCURRENCE" eid="e23" pos="VERB" signalID="PRED=OUVERT" tense="NONE" vform="PASTPART">ouverte</EVENT> par la <EVENT aspect="NONE" class="OCCURRENCE" eid="e2" pos="NOUN" signalID="PRED=RETRAITE" tense="NONE" vform="NONE">retraite</EVENT> de Michael Jordan, ont <EVENT aspect="NONE" class="ASPECTUAL" eid="e3" pos="VERB" signalID="PRED=OUVRIR" tense="PAST" vform="PASTPART">ouvert</EVENT> par une <EVENT aspect="NONE" class="OCCURRENCE" eid="e4" pos="NOUN" signalID="PRED=VICTOIRE" tense="NONE" vform="NONE">victoire</EVENT> à domicile sur Portland leur <EVENT aspect="NONE" class="OCCURRENCE" eid="e5" pos="NOUN" signalID="PRED=DEMI-FINALE" tense="NONE" vform="NONE">demi-finale</EVENT> de la conférence ouest <TIMEX3 temporalFunction="TRUE" tid="t3" type="DATE" value="1999-05-18TEV">mardi soir</TIMEX3> à Salt Lake City.
Les Jazz, <SIGNAL sid="s2">après</SIGNAL> avoir <EVENT aspect="PERFECTIVE" class="OCCURRENCE" eid="e7" pos="VERB" signalID="PRED=FRÔLER" tense="NONE" vform="PASTPART">frôlé</EVENT> l'<EVENT aspect="NONE" class="OCCURRENCE" eid="e8" pos="NOUN" signalID="PRED=ÉLIMINATION" tense="NONE" vform="NONE">élimination</EVENT> <SIGNAL sid="s3">au</SIGNAL> premier <EVENT aspect="NONE" class="OCCURRENCE" eid="e9" pos="NOUN" signalID="PRED=TOUR" tense="NONE" vform="NONE">tour</EVENT>, se sont <EVENT aspect="NONE" class="OCCURRENCE" eid="e18" pos="VERB" signalID="PRED=IMPOSER" tense="PAST" vform="PASTPART">imposés</EVENT> 93 à 83 avec 25 points et 12 rebonds de Karl Malone, <SIGNAL sid="s5">avant de</SIGNAL> <EVENT aspect="NONE" class="OCCURRENCE" eid="e11" pos="VERB" signalID="PRED=RECEVOIR" tense="NONE" vform="INFINITIVE">recevoir</EVENT> les Portland Trail Blazers une seconde fois, <TIMEX3 anchorTimeID="T1" temporalFunction="TRUE" tid="t4" type="DATE" value="1999-05-20TEV" valueFromFunction="TF5">ce soir</TIMEX3>, dans la série au meilleur des sept <EVENT aspect="NONE" cardinality="7" class="OCCURRENCE" eid="e12" pos="NOUN" signalID="PRED=MATCH" tense="NONE" vform="NONE">matches</EVENT>.
De leur côté, les New York Knicks, <EVENT aspect="NONE" class="STATE" eid="e28" pos="NOUN" signalID="PRED=TOMBEUR" tense="NONE" vform="NONE">tombeurs</EVENT> <SIGNAL sid="s4">au</SIGNAL> premier <EVENT aspect="NONE" class="OCCURRENCE" eid="e13" pos="NOUN" signalID="PRED=TOUR" tense="NONE" vform="NONE">tour</EVENT> de Miami, numéro un à l'est, sont <EVENT aspect="NONE" class="OCCURRENCE" eid="e14" pos="VERB" signalID="PRED=ALLER" tense="PAST" vform="PASTPART">allés</EVENT> s'<EVENT aspect="NONE" class="OCCURRENCE" eid="e15" pos="VERB" signalID="PRED=IMPOSER" tense="NONE" vform="INFINITIVE">imposer</EVENT> 100 à 92 à Atlanta, grâce à 34 points d'Allen Houston et 31 de Latrell Sprewell. Ils <EVENT aspect="NONE" class="STATE" eid="e16" pos="NONE" signalID="PRED=FAIRE" tense="PRESENT" vform="NONE">font</EVENT> <TIMEX3 tid="t5" type="DATE" value="PRESENT_REF">maintenant</TIMEX3> figure de favoris pour une place en <EVENT aspect="NONE" class="OCCURRENCE" eid="e22" pos="NOUN" signalID="PRED=FINALE" tense="NONE" vform="NONE">finale</EVENT> de <EVENT aspect="NONE" class="OCCURRENCE" eid="e26" pos="NOUN" signalID="PRED=CONFERENCE EST" tense="NONE" vform="NONE">conférence</EVENT> Est.
</TEXT><MAKEINSTANCE eiid="ei1" eventID="e1" /><MAKEINSTANCE eiid="ei2" eventID="e2" /><MAKEINSTANCE eiid="ei3" eventID="e3" /><MAKEINSTANCE eiid="ei4" eventID="e4" /><MAKEINSTANCE eiid="ei5" eventID="e5" /><MAKEINSTANCE eiid="ei7" eventID="e7" /><MAKEINSTANCE eiid="ei8" eventID="e8" /><MAKEINSTANCE eiid="ei9" eventID="e9" /><MAKEINSTANCE eiid="ei11" eventID="e11" /><MAKEINSTANCE eiid="ei12" eventID="e12" /><MAKEINSTANCE eiid="ei13" eventID="e13" /><MAKEINSTANCE eiid="ei14" eventID="e14" /><MAKEINSTANCE eiid="ei15" eventID="e15" /><MAKEINSTANCE eiid="ei16" eventID="e16" /><MAKEINSTANCE eiid="ei18" eventID="e18" /><MAKEINSTANCE eiid="ei22" eventID="e22" /><MAKEINSTANCE eiid="ei23" eventID="e23" /><MAKEINSTANCE eiid="ei24" eventID="e24" /><MAKEINSTANCE eiid="ei25" eventID="e25" /><MAKEINSTANCE eiid="ei26" eventID="e26" /><MAKEINSTANCE eiid="ei27" eventID="e27" /><MAKEINSTANCE eiid="ei28" eventID="e28" /></TimeML>
