<?xml version="1.0" encoding="utf-8"?>            
<TimeML><TEXT>
<TIMEX3 functionInDocument="CREATION_TIME" tid="t1" type="DATE" value="1999-07-23" /><TIMEX3 functionInDocument="NONE" temporalFunction="FALSE" tid="t6" type="DATE" value="FUTURE_REF">Prochains</TIMEX3> <EVENT aspect="NONE" class="OCCURRENCE" eid="e6" pos="NOUN" signalID="PRED=MARIAGE" tense="NONE" vform="NONE">mariages</EVENT>.
En mairie de Tronville, <TIMEX3 tid="t3" type="TIME" value="1999-07-24T15:45">samedi 24 juillet à 15 h 45</TIMEX3>, Boris Grüner, militaire dans l'armée de l'air <EVENT aspect="NONE" class="STATE" eid="e1" pos="VERB" signalID="PRED=DEMEURER" tense="NONE" vform="PRESPART">demeurant</EVENT> 49, route nationale, <EVENT aspect="NONE" class="OCCURRENCE" eid="e2" pos="NONE" signalID="PRED=CONVOLER" tense="FUTURE" vform="NONE">convolera</EVENT> en justes noces avec Noura Mohamed-Belkacem, secrétaire dans l'armée de l'air et habitante de la rue de l'Ornain.
<TIMEX3 anchorTimeID="T3" temporalFunction="TRUE" tid="t4" type="DATE" value="1999-07-24">Le même jour</TIMEX3> à Saint-Amand-Sur-Ornain, <SIGNAL sid="s2">à</SIGNAL> <TIMEX3 tid="t5" type="TIME" value="1999-07-24T14:15">14 h 15</TIMEX3> en la maison commune, Christophe Bouche, agent SNCF et <EVENT aspect="NONE" class="STATE" eid="e3" pos="VERB" signalID="PRED=DEMEURER" tense="NONE" vform="PRESPART">demeurant</EVENT> 31, rue du maréchal de Luxembourg, <EVENT aspect="NONE" class="OCCURRENCE" eid="e4" pos="NONE" signalID="PRED=PRENDRE" tense="FUTURE" vform="NONE">prendra</EVENT> pour épouse Elodie Legeay, laborantine qui <EVENT aspect="NONE" class="STATE" eid="e5" pos="NONE" signalID="PRED=HABITER" tense="PRESENT" vform="NONE">habite</EVENT> le village.
</TEXT><MAKEINSTANCE eiid="ei1" eventID="e1" /><MAKEINSTANCE eiid="ei2" eventID="e2" /><MAKEINSTANCE eiid="ei3" eventID="e3" /><MAKEINSTANCE eiid="ei4" eventID="e4" /><MAKEINSTANCE eiid="ei5" eventID="e5" /><MAKEINSTANCE eiid="ei6" eventID="e6" /></TimeML>
