<?xml version="1.0" encoding="utf-8"?>            
<TimeML><TEXT>
<TIMEX3 functionInDocument="CREATION_TIME" tid="t1" type="DATE" value="1999-05-29" /><EVENT aspect="NONE" class="OCCURRENCE" eid="e4" pos="VERB" signalID="PRED=TOMBER" tense="NONE" vform="PASTPART">Tombée</EVENT> du 4e étage.
<TIMEX3 anchorTimeID="T1" temporalFunction="TRUE" tid="t2" type="DATE" value="1999-05-28" valueFromFunction="TF17">Hier</TIMEX3>, <SIGNAL sid="s1">vers</SIGNAL> <TIMEX3 mod="APPROX" tid="t3" type="TIME" value="1999-05-28T12:00">midi</TIMEX3>, une femme d'une trentaine d'années est <EVENT aspect="NONE" class="OCCURRENCE" eid="e1" pos="VERB" signalID="PRED=TOMBER" tense="PAST" vform="PASTPART">tombée</EVENT> du 4e étage du bâtiment Les Etourneaux, place de Londres à Vandœuvre.
Grièvement <EVENT aspect="NONE" class="STATE" eid="e5" pos="ADJECTIVE" signalID="PRED=BLESSER" tense="NONE" vform="NONE">blessée</EVENT>, elle a été <EVENT aspect="NONE" class="OCCURRENCE" eid="e3" pos="VERB" signalID="PRED=TRANSPORTER" tense="PAST" vform="PASTPART">transportée</EVENT>, <SIGNAL sid="s2">après</SIGNAL> <EVENT aspect="NONE" class="OCCURRENCE" eid="e6" pos="NOUN" signalID="PRED=CONDITIONNEMENT" tense="NONE" vform="NONE">conditionnement</EVENT>, au centre hospitalier.
</TEXT><MAKEINSTANCE eiid="ei1" eventID="e1" /><MAKEINSTANCE eiid="ei3" eventID="e3" /><MAKEINSTANCE eiid="ei4" eventID="e4" /><MAKEINSTANCE eiid="ei5" eventID="e5" /><MAKEINSTANCE eiid="ei6" eventID="e6" /></TimeML>
