<?xml version="1.0" encoding="utf-8"?>            
<TimeML><TEXT>
<TIMEX3 functionInDocument="CREATION_TIME" tid="t1" type="DATE" value="1999-06-04" />Carla Bruni <EVENT aspect="NONE" class="STATE" eid="e1" pos="NONE" signalID="PRED=ROULER" tense="PRESENT" vform="NONE">roule</EVENT> japonais.
<SIGNAL sid="s1">Après</SIGNAL> Claudia Schiffer et son <EVENT aspect="NONE" class="STATE" eid="e6" pos="NOUN" signalID="PRED=IDYLLE" tense="NONE" vform="NONE">idylle</EVENT> avec Citroën, Carla Bruni <EVENT aspect="NONE" class="OCCURRENCE" eid="e5" pos="NONE" signalID="PRED=PRÊTER" tense="PRESENT" vform="NONE">prête</EVENT> son image à un grand constructeur automobile. Le célèbre mannequin <EVENT aspect="NONE" class="STATE" eid="e2" pos="NONE" signalID="PRED=ROULER" tense="PRESENT" vform="NONE">roule</EVENT> japonais : pour Suzuki, Carla Bruni <EVENT aspect="NONE" class="STATE" eid="e3" pos="NONE" signalID="PRED=INCARNER" tense="PRESENT" vform="NONE">incarne</EVENT> la «femme moderne et dynamique». Le top model <EVENT aspect="NONE" class="I_ACTION" eid="e4" pos="NONE" signalID="PRED=DÉFENDRE" tense="PRESENT" vform="NONE">défend</EVENT> les couleurs d'un 4x4 tous terrains <EVENT aspect="NONE" class="STATE" eid="e7" pos="VERB" signalID="PRED=DESTINER" tense="NONE" vform="PASTPART">destiné</EVENT> à une clientèle urbaine et essentiellement féminine.
</TEXT><MAKEINSTANCE eiid="ei1" eventID="e1" /><MAKEINSTANCE eiid="ei2" eventID="e2" /><MAKEINSTANCE eiid="ei3" eventID="e3" /><MAKEINSTANCE eiid="ei4" eventID="e4" /><MAKEINSTANCE eiid="ei5" eventID="e5" /><MAKEINSTANCE eiid="ei6" eventID="e6" /><MAKEINSTANCE eiid="ei7" eventID="e7" /></TimeML>
