<?xml version="1.0" encoding="utf-8"?>            
<TimeML><TEXT>
<TIMEX3 functionInDocument="CREATION_TIME" tid="t1" type="DATE" value="1999-05-27" />Le terroriste Carlos <EVENT aspect="NONE" class="MODAL" eid="e1" pos="NONE" signalID="PRED=DEVOIR" tense="FUTURE" vform="NONE">devra</EVENT> <EVENT aspect="NONE" class="I_STATE" eid="e2" modality="OBLIGATION" pos="VERB" signalID="PRED=ATTENDRE" tense="NONE" vform="INFINITIVE">attendre</EVENT> <SIGNAL sid="s2">jusqu'au</SIGNAL> <TIMEX3 tid="t2" type="DATE" value="1999-06-02">2 juin</TIMEX3> pour <EVENT aspect="NONE" class="PERCEPTION" eid="e3" pos="VERB" signalID="PRED=VOIR" tense="NONE" vform="INFINITIVE">voir</EVENT> l'<EVENT aspect="NONE" class="OCCURRENCE" eid="e4" pos="NOUN" signalID="PRED=EXAMEN" tense="NONE" vform="NONE">examen</EVENT> par la chambre d'accusation de la Cour d'appel de Paris de la <EVENT aspect="NONE" class="I_ACTION" eid="e5" pos="NOUN" signalID="PRED=DEMANDE" tense="NONE" vform="NONE">demande</EVENT> d'<EVENT aspect="NONE" class="OCCURRENCE" eid="e17" pos="NOUN" signalID="PRED=EXTRADITION" tense="NONE" vform="NONE">extradition</EVENT> de la justice autrichienne. La Cour a <EVENT aspect="NONE" class="I_ACTION" eid="e6" pos="VERB" signalID="PRED=REPORTER" tense="PAST" vform="PASTPART">reporté</EVENT> reporté <TIMEX3 anchorTimeID="T1" temporalFunction="TRUE" tid="t3" type="DATE" value="1999-05-26" valueFromFunction="TF17">hier</TIMEX3> pour un <EVENT aspect="NONE" class="OCCURRENCE" eid="e8" pos="NOUN" signalID="PRED=PROBLÈME" tense="NONE" vform="NONE">problème</EVENT> de procédure cet <EVENT aspect="NONE" class="OCCURRENCE" eid="e9" pos="NOUN" signalID="PRED=EXAMEN" tense="NONE" vform="NONE">examen</EVENT>. L'Autriche <EVENT aspect="NONE" class="OCCURRENCE" eid="e10" pos="NONE" signalID="PRED=RÉCLAMER" tense="PRESENT" vform="NONE">réclame</EVENT> Carlos afin de le <EVENT aspect="NONE" class="OCCURRENCE" eid="e11" pos="VERB" signalID="PRED=JUGER" tense="NONE" vform="INFINITIVE">juger</EVENT> pour «<EVENT aspect="NONE" class="OCCURRENCE" eid="e15" pos="NOUN" signalID="PRED=HOMICIDE" tense="NONE" vform="NONE">homicides</EVENT> volontaires, <EVENT aspect="NONE" class="OCCURRENCE" eid="e16" pos="NOUN" signalID="PRED=ENLÈVEMENT" tense="NONE" vform="NONE">enlèvements</EVENT> avec <EVENT aspect="NONE" class="OCCURRENCE" eid="e12" pos="NOUN" signalID="PRED=CHANTAGE" tense="NONE" vform="NONE">chantage</EVENT> et <EVENT aspect="NONE" class="OCCURRENCE" eid="e13" pos="NOUN" signalID="PRED=VIOLATION" tense="NONE" vform="NONE">violation</EVENT> de domicile», pour la <EVENT aspect="NONE" class="OCCURRENCE" eid="e14" pos="NOUN" signalID="PRED=PRISE" tense="NONE" vform="NONE">prise</EVENT> d'otages des ministres de l'OPEP (Organisation des pays exportateurs de pétrole) à Vienne <SIGNAL sid="s1">en</SIGNAL> <TIMEX3 tid="t4" type="DATE" value="1975">1975</TIMEX3>.
</TEXT><MAKEINSTANCE eiid="ei1" eventID="e1" /><MAKEINSTANCE eiid="ei2" eventID="e2" /><MAKEINSTANCE eiid="ei3" eventID="e3" /><MAKEINSTANCE eiid="ei4" eventID="e4" /><MAKEINSTANCE eiid="ei5" eventID="e5" /><MAKEINSTANCE eiid="ei6" eventID="e6" /><MAKEINSTANCE eiid="ei8" eventID="e8" /><MAKEINSTANCE eiid="ei9" eventID="e9" /><MAKEINSTANCE eiid="ei10" eventID="e10" /><MAKEINSTANCE eiid="ei11" eventID="e11" /><MAKEINSTANCE eiid="ei12" eventID="e12" /><MAKEINSTANCE eiid="ei13" eventID="e13" /><MAKEINSTANCE eiid="ei14" eventID="e14" /><MAKEINSTANCE eiid="ei15" eventID="e15" /><MAKEINSTANCE eiid="ei16" eventID="e16" /><MAKEINSTANCE eiid="ei17" eventID="e17" /></TimeML>
