<?xml version="1.0" encoding="utf-8"?>            
<TimeML><TEXT>
<TIMEX3 functionInDocument="CREATION_TIME" tid="t1" type="DATE" value="1999-08-07" />L'académicien Théodore Monod, 97 ans, a <EVENT aspect="NONE" class="ASPECTUAL" eid="e1" pos="VERB" signalID="PRED=ENTREPRENDRE" tense="PAST" vform="PASTPART">entrepris</EVENT> <TIMEX3 tid="t3" type="DATE" value="1999-08-06TMO">vendredi matin</TIMEX3> un <EVENT aspect="NONE" class="OCCURRENCE" eid="e2" pos="NOUN" signalID="PRED=JEÛNE" tense="NONE" vform="NONE">jeûne</EVENT> d'interpellation antinucléaire de <TIMEX3 tid="t4" type="DURATION" value="P3D">trois jours</TIMEX3>, <EVENT aspect="NONE" class="STATE" eid="e8" pos="VERB" signalID="PRED=ORGANISER" tense="NONE" vform="PASTPART">organisé</EVENT> comme <TIMEX3 quant="EVERY" tid="t5" type="SET" value="P1Y">chaque année</TIMEX3> par le comité «Stop Essais ! » et la «Maison de Vigilance», à l'occasion du 54e <EVENT aspect="NONE" class="OCCURRENCE" eid="e3" pos="NOUN" signalID="PRED=ANNIVERSAIRE" tense="NONE" vform="NONE">anniversaire</EVENT> des <EVENT aspect="NONE" class="OCCURRENCE" eid="e9" pos="NOUN" signalID="PRED=BOMBE" tense="NONE" vform="NONE">bombes</EVENT> de Hiroshima et Nagasaki. Ce <EVENT aspect="NONE" class="OCCURRENCE" eid="e4" pos="NOUN" signalID="PRED=JEÛNE" tense="NONE" vform="NONE">jeûne</EVENT> est <EVENT aspect="NONE" class="STATE" eid="e5" pos="VERB" signalID="PRED=ORGANISER" tense="NONE" vform="PASTPART">organisé</EVENT> à la salle des fêtes, à proximité de la base militaire 921 qui <EVENT aspect="NONE" class="STATE" eid="e7" pos="NONE" signalID="PRED=ABRITER" tense="PRESENT" vform="NONE">abrite</EVENT> le poste de commandement de la force de frappe française.
</TEXT><MAKEINSTANCE eiid="ei1" eventID="e1" /><MAKEINSTANCE eiid="ei2" eventID="e2" /><MAKEINSTANCE eiid="ei3" eventID="e3" /><MAKEINSTANCE eiid="ei4" eventID="e4" /><MAKEINSTANCE eiid="ei5" eventID="e5" /><MAKEINSTANCE eiid="ei7" eventID="e7" /><MAKEINSTANCE eiid="ei8" eventID="e8" /><MAKEINSTANCE eiid="ei9" eventID="e9" /></TimeML>
