<?xml version="1.0" encoding="utf-8"?>            
<TimeML><TEXT>
<TIMEX3 functionInDocument="CREATION_TIME" tid="t1" type="DATE" value="1999-05-17" />Premier <EVENT aspect="NONE" class="OCCURRENCE" eid="e9" pos="NOUN" signalID="PRED=DOUBLÉ" tense="NONE" vform="NONE">doublé</EVENT> de la «Scuderia» en Principauté. <SIGNAL sid="s1">Après</SIGNAL> un très bon <EVENT aspect="NONE" class="OCCURRENCE" eid="e2" pos="NOUN" signalID="PRED=DÉPART" tense="NONE" vform="NONE">départ</EVENT>, Michael Schumacher a <EVENT aspect="NONE" class="STATE" eid="e10" pos="VERB" signalID="PRED=FAIRE" tense="PAST" vform="PASTPART">fait</EVENT> cavalier seul. Il <EVENT aspect="NONE" class="STATE" eid="e13" pos="NONE" signalID="PRED=DEVANCER" tense="PRESENT" vform="NONE">devance</EVENT> son coéquipier Eddie Irvine de <TIMEX3 tid="t3" type="DURATION" value="PT30.4S">30,4 secondes</TIMEX3>, <EVENT aspect="NONE" class="OCCURRENCE" eid="e5" pos="NONE" signalID="PRED=SIGNER" tense="PRESENT" vform="NONE">signe</EVENT> sa 35e <EVENT aspect="NONE" class="OCCURRENCE" eid="e6" pos="NOUN" signalID="PRED=VICTOIRE" tense="NONE" vform="NONE">victoire</EVENT>, la quatrième à Monaco, la 16e avec Ferrari. Un record absolu. Dans ce grand <EVENT aspect="NONE" class="OCCURRENCE" eid="e8" pos="NOUN" signalID="PRED=PRIX" tense="NONE" vform="NONE">prix</EVENT> au millimètre, seules neuf voitures ont <EVENT aspect="NONE" class="OCCURRENCE" eid="e7" pos="VERB" signalID="PRED=PASSER" tense="PAST" vform="PASTPART">passé</EVENT> la ligne d'arrivée.
</TEXT><MAKEINSTANCE eiid="ei2" eventID="e2" /><MAKEINSTANCE eiid="ei5" eventID="e5" /><MAKEINSTANCE eiid="ei6" eventID="e6" /><MAKEINSTANCE eiid="ei7" eventID="e7" /><MAKEINSTANCE eiid="ei8" eventID="e8" /><MAKEINSTANCE eiid="ei9" eventID="e9" /><MAKEINSTANCE eiid="ei10" eventID="e10" /><MAKEINSTANCE eiid="ei13" eventID="e13" /></TimeML>
