<?xml version="1.0" encoding="utf-8"?>            
<TimeML><TEXT>
<TIMEX3 functionInDocument="CREATION_TIME" tid="t1" type="DATE" value="1999-05-18" />LE VILLAGE <EVENT aspect="NONE" class="OCCURRENCE" eid="e1" pos="NONE" signalID="PRED=FAIRE" tense="FUTURE" vform="NONE">FERA</EVENT> LA <EVENT aspect="NONE" class="OCCURRENCE" eid="e16" pos="NOUN" signalID="PRED=FÊTE" tense="NONE" vform="NONE">F^ETE</EVENT> <TIMEX3 anchorTimeID="T1" temporalFunction="TRUE" tid="t3" type="DATE" value="1999-05-23" valueFromFunction="TF3">DIMANCHE</TIMEX3>.
C'est <SIGNAL sid="s1">en</SIGNAL> <TIMEX3 anchorTimeID="T1" temporalFunction="TRUE" tid="t4" type="DATE" value="1999-05-24">cette fête de Pentecôte</TIMEX3> que se <EVENT aspect="NONE" class="EVENT_CONTAINER" eid="e3" pos="NONE" signalID="PRED=DÉROULER" tense="FUTURE" vform="NONE">déroulera</EVENT> la <EVENT aspect="NONE" class="OCCURRENCE" eid="e4" pos="NOUN" signalID="PRED=FÊTE" tense="NONE" vform="NONE">fête</EVENT> du village.
<SIGNAL sid="s3">Dès</SIGNAL> <TIMEX3 anchorTimeID="T1" temporalFunction="TRUE" tid="t5" type="DATE" value="1999-05-23" valueFromFunction="TF3">dimanche</TIMEX3>, petits et grands <EVENT aspect="NONE" class="MODAL" eid="e5" pos="NONE" signalID="PRED=POUVOIR" tense="FUTURE" vform="NONE">pourront</EVENT> <EVENT aspect="NONE" class="OCCURRENCE" eid="e6" modality="POSSIBILITY" pos="VERB" signalID="PRED=VENIR" tense="NONE" vform="INFINITIVE">venir</EVENT> s'<EVENT aspect="NONE" class="OCCURRENCE" eid="e7" pos="VERB" signalID="PRED=EXERCER" tense="NONE" vform="INFINITIVE">exercer</EVENT> au crève-ballons, à la loterie, au tir ou encore se <EVENT aspect="NONE" class="OCCURRENCE" eid="e10" pos="VERB" signalID="PRED=RÉGALER" tense="NONE" vform="INFINITIVE">régaler</EVENT> à la confiserie ou <EVENT aspect="NONE" class="OCCURRENCE" eid="e11" pos="VERB" signalID="PRED=ESSAYER" tense="NONE" vform="INFINITIVE">essayer</EVENT> le manège.
<TIMEX3 anchorTimeID="T1" temporalFunction="TRUE" tid="t6" type="DATE" value="1999-05-23TEV" valueFromFunction="TF3">Dimanche soir</TIMEX3>, <SIGNAL sid="s6">à partir de</SIGNAL> <TIMEX3 tid="t7" type="TIME" value="1999-05-23T22:00">22 h</TIMEX3>, le comité des fêtes vous <EVENT aspect="NONE" class="OCCURRENCE" eid="e13" pos="NONE" signalID="PRED=INVITER" tense="PRESENT" vform="NONE">invite</EVENT> également au <EVENT aspect="NONE" class="OCCURRENCE" eid="e14" pos="NOUN" signalID="PRED=BAL" tense="NONE" vform="NONE">bal</EVENT> qui sera <EVENT aspect="NONE" class="OCCURRENCE" eid="e15" pos="VERB" signalID="PRED=ANIMER" tense="FUTURE" vform="PASTPART">animé</EVENT> par Frédéric Bush.
</TEXT><MAKEINSTANCE eiid="ei1" eventID="e1" /><MAKEINSTANCE eiid="ei3" eventID="e3" /><MAKEINSTANCE eiid="ei4" eventID="e4" /><MAKEINSTANCE eiid="ei5" eventID="e5" /><MAKEINSTANCE eiid="ei6" eventID="e6" /><MAKEINSTANCE eiid="ei7" eventID="e7" /><MAKEINSTANCE eiid="ei10" eventID="e10" /><MAKEINSTANCE eiid="ei11" eventID="e11" /><MAKEINSTANCE eiid="ei13" eventID="e13" /><MAKEINSTANCE eiid="ei14" eventID="e14" /><MAKEINSTANCE eiid="ei15" eventID="e15" /><MAKEINSTANCE eiid="ei16" eventID="e16" /></TimeML>
