<?xml version="1.0" encoding="utf-8"?>            
<TimeML><TEXT>
<TIMEX3 functionInDocument="CREATION_TIME" tid="t1" type="DATE" value="1999-07-28" /><EVENT aspect="NONE" class="OCCURRENCE" eid="e5" pos="NOUN" signalID="PRED=REMANIEMENT" tense="NONE" vform="NONE">Remaniement</EVENT> d'adjoints à Paris.- Jean Tiberi, maire RPR de Paris, a <EVENT aspect="NONE" class="OCCURRENCE" eid="e1" pos="VERB" signalID="PRED=PROCÉDER" tense="PAST" vform="PASTPART">procédé</EVENT> <TIMEX3 anchorTimeID="T1" temporalFunction="TRUE" tid="t2" type="DATE" value="1999-07-27" valueFromFunction="TF17">hier</TIMEX3> à un mini-<EVENT aspect="NONE" class="OCCURRENCE" eid="e6" pos="NOUN" signalID="PRED=REMANIEMENT" tense="NONE" vform="NONE">remaniement</EVENT> de ses adjoints, en <EVENT aspect="NONE" class="OCCURRENCE" eid="e2" pos="VERB" signalID="PRED=CONFIER" tense="NONE" vform="GERUNDIVE">confiant</EVENT> l'important secteur scolaire et universitaire à un de ses proches, Vincent Reina, qui <EVENT aspect="NONE" class="OCCURRENCE" eid="e3" pos="NONE" signalID="PRED=SUCCÉDER" tense="PRESENT" vform="NONE">succède</EVENT> à Jean de Gaulle, <EVENT aspect="NONE" class="STATE" eid="e7" pos="NOUN" signalID="PRED=DEMISSIONNAIRE" tense="NONE" vform="NONE">démissionnaire</EVENT>.
Pages spécifiques à l'édition de Lunéville.
</TEXT><MAKEINSTANCE eiid="ei1" eventID="e1" /><MAKEINSTANCE eiid="ei2" eventID="e2" /><MAKEINSTANCE eiid="ei3" eventID="e3" /><MAKEINSTANCE eiid="ei5" eventID="e5" /><MAKEINSTANCE eiid="ei6" eventID="e6" /><MAKEINSTANCE eiid="ei7" eventID="e7" /></TimeML>
