<?xml version="1.0" encoding="utf-8"?>            
<TimeML><TEXT>
<TIMEX3 functionInDocument="CREATION_TIME" tid="t1" type="DATE" value="1999-05-20" /><EVENT aspect="NONE" class="OCCURRENCE" eid="e8" pos="NOUN" signalID="PRED=SUICIDE" tense="NONE" vform="NONE">Suicide</EVENT> par arme à feu.
Un homme, <EVENT aspect="NONE" class="OCCURRENCE" eid="e1" pos="VERB" signalID="PRED=BLESSER" tense="NONE" vform="PASTPART">blessé</EVENT> par une arme à feu, a été <EVENT aspect="NONE" class="OCCURRENCE" eid="e2" pos="VERB" signalID="PRED=SECOURIR" tense="PAST" vform="PASTPART">secouru</EVENT> par les pompiers de Grandvillars et <EVENT aspect="NONE" class="OCCURRENCE" eid="e3" pos="VERB" signalID="PRED=TRANSPORTER" tense="PAST" vform="PASTPART">transporté</EVENT> au centre hospitalier de Belfort dans un état grave, <TIMEX3 anchorTimeID="T1" temporalFunction="TRUE" tid="t2" type="DATE" value="1999-05-18">mardi</TIMEX3> <SIGNAL sid="s1">vers</SIGNAL> <TIMEX3 tid="t3" type="TIME" value="1999-05-18T21:45">21 h 45</TIMEX3>. Il y est <EVENT aspect="NONE" class="OCCURRENCE" eid="e4" pos="VERB" signalID="PRED=DÉCÉDER" tense="PAST" vform="PASTPART">décédé</EVENT> <TIMEX3 anchorTimeID="T1" temporalFunction="TRUE" tid="t4" type="DATE" value="1999-05-19TMO" valueFromFunction="TF17">hier matin</TIMEX3>. L'<EVENT aspect="NONE" class="OCCURRENCE" eid="e9" pos="NOUN" signalID="PRED=ENQUÊTE" tense="NONE" vform="NONE">enquête</EVENT> de gendarmerie a <EVENT aspect="NONE" class="OCCURRENCE" eid="e6" pos="VERB" signalID="PRED=CONCLURE" tense="PAST" vform="PASTPART">conclu</EVENT> au suicide.
</TEXT><MAKEINSTANCE eiid="ei1" eventID="e1" /><MAKEINSTANCE eiid="ei2" eventID="e2" /><MAKEINSTANCE eiid="ei3" eventID="e3" /><MAKEINSTANCE eiid="ei4" eventID="e4" /><MAKEINSTANCE eiid="ei6" eventID="e6" /><MAKEINSTANCE eiid="ei8" eventID="e8" /><MAKEINSTANCE eiid="ei9" eventID="e9" /></TimeML>
