<?xml version="1.0" encoding="utf-8"?>            
<TimeML><TEXT>
<TIMEX3 functionInDocument="CREATION_TIME" tid="t1" type="DATE" value="1999-05-27" />L'aviation indienne est <EVENT aspect="NONE" class="OCCURRENCE" eid="e1" pos="VERB" signalID="PRED=ENTRER" tense="PAST" vform="PASTPART">entrée</EVENT> en action pour la première fois au Cachemire, <TIMEX3 anchorTimeID="T1" temporalFunction="TRUE" tid="t2" type="DATE" value="1999-05-26" valueFromFunction="TF17">hier</TIMEX3>, pour <EVENT aspect="NONE" class="OCCURRENCE" eid="e2" pos="VERB" signalID="PRED=DÉLOGER" tense="NONE" vform="INFINITIVE">déloger</EVENT> des guérilleros musulmans, ce qui <EVENT aspect="NONE" class="OCCURRENCE" eid="e3" pos="NONE" signalID="PRED=MARQUER" tense="PRESENT" vform="NONE">marque</EVENT> une <EVENT aspect="NONE" class="OCCURRENCE" eid="e4" pos="NOUN" signalID="PRED=ESCALADE" tense="NONE" vform="NONE">escalade</EVENT> dans le <EVENT aspect="NONE" class="OCCURRENCE" eid="e5" pos="NOUN" signalID="PRED=CONFLIT" tense="NONE" vform="NONE">conflit</EVENT> indo-pakistanais sur cette région himalayenne <EVENT aspect="NONE" class="STATE" eid="e6" pos="VERB" signalID="PRED=DISPUTER" tense="NONE" vform="PASTPART">disputée</EVENT> <SIGNAL sid="s1">depuis</SIGNAL> <TIMEX3 endPoint="T1" tid="t3" type="DURATION" value="P50Y">un demi-siècle</TIMEX3>. Le Pakistan a <EVENT aspect="NONE" class="I_ACTION" eid="e7" pos="VERB" signalID="PRED=ACCUSER" tense="PAST" vform="PASTPART">accusé</EVENT> <TIMEX3 anchorTimeID="T1" temporalFunction="TRUE" tid="t4" type="DATE" value="1999-05-26" valueFromFunction="TF17">hier</TIMEX3> l'aviation indienne d'avoir <EVENT aspect="PERFECTIVE" class="OCCURRENCE" eid="e8" pos="VERB" signalID="PRED=BOMBARDER" tense="PRESENT" vform="PASTPART">bombardé</EVENT> trois fois son territoire <SIGNAL sid="s2">lors de</SIGNAL> ces <EVENT aspect="NONE" class="OCCURRENCE" eid="e9" pos="NOUN" signalID="PRED=FRAPPE" tense="NONE" vform="NONE">frappes</EVENT>.
</TEXT><MAKEINSTANCE eiid="ei1" eventID="e1" /><MAKEINSTANCE eiid="ei2" eventID="e2" /><MAKEINSTANCE eiid="ei3" eventID="e3" /><MAKEINSTANCE eiid="ei4" eventID="e4" /><MAKEINSTANCE eiid="ei5" eventID="e5" /><MAKEINSTANCE eiid="ei6" eventID="e6" /><MAKEINSTANCE eiid="ei7" eventID="e7" /><MAKEINSTANCE eiid="ei8" eventID="e8" /><MAKEINSTANCE eiid="ei9" eventID="e9" /></TimeML>
