<?xml version="1.0" encoding="utf-8"?>            
<TimeML><TEXT>
<TIMEX3 functionInDocument="CREATION_TIME" tid="t1" type="DATE" value="1999-07-28" /><EVENT aspect="NONE" class="OCCURRENCE" eid="e14" pos="NOUN" signalID="PRED=REPAS" tense="NONE" vform="NONE">Repas</EVENT> de famille gouvernemental.- Lionel Jospin <EVENT aspect="NONE" class="OCCURRENCE" eid="e1" pos="NONE" signalID="PRED=RECEVOIR" tense="PRESENT" vform="NONE">reçoit</EVENT> <TIMEX3 anchorTimeID="T1" temporalFunction="TRUE" tid="t2" type="DATE" value="1999-07-28TEV" valueFromFunction="TF5">ce soir</TIMEX3> les membres de son gouvernement et leurs conjoints à Matignon pour un <EVENT aspect="NONE" class="OCCURRENCE" eid="e3" pos="NOUN" signalID="PRED=DÎNER" tense="NONE" vform="NONE">dîner</EVENT> qui <EVENT aspect="NONE" class="STATE" eid="e4" pos="NONE" signalID="PRED=RESSEMBLER" tense="PRESENT" vform="NONE">ressemble</EVENT> plus à une fête de fin d'année qu'à une rencontre de travail, <SIGNAL sid="s5">après</SIGNAL> <TIMEX3 functionInDocument="NONE" temporalFunction="FALSE" tid="t6" type="DURATION" value="PXX">une période</TIMEX3> <EVENT aspect="NONE" class="OCCURRENCE" eid="e7" pos="VERB" signalID="PRED=MARQUER" tense="NONE" vform="PASTPART">marquée</EVENT> par des <EVENT aspect="NONE" class="OCCURRENCE" eid="e8" pos="NOUN" signalID="PRED=TENSION" tense="NONE" vform="NONE">tensions</EVENT> parfois vives au sein de son équipe. Le dernier <EVENT aspect="NONE" class="OCCURRENCE" eid="e9" pos="NOUN" signalID="PRED=CONSEIL" tense="NONE" vform="NONE">conseil</EVENT> des ministres <SIGNAL sid="s3">avant</SIGNAL> la <EVENT aspect="NONE" class="OCCURRENCE" eid="e10" pos="NOUN" signalID="PRED=TRÊVE" tense="NONE" vform="NONE">trêve</EVENT> estivale est <EVENT aspect="NONE" class="STATE" eid="e11" pos="VERB" signalID="PRED=PRÉVOIR" tense="PAST" vform="PASTPART">prévu</EVENT> <TIMEX3 tid="t3" type="DATE" value="1999-08-03">le 3 août</TIMEX3>. Un <TIMEX3 functionInDocument="NONE" temporalFunction="FALSE" tid="t7" type="DATE" value="PAST_REF">précédent</TIMEX3> <EVENT aspect="NONE" class="OCCURRENCE" eid="e12" pos="NOUN" signalID="PRED=DÎNER" tense="NONE" vform="NONE">dîner</EVENT> avait <EVENT aspect="PERFECTIVE" class="OCCURRENCE" eid="e13" pos="VERB" signalID="PRED=RÉUNIR" tense="PAST" vform="PASTPART">réuni</EVENT> <TIMEX3 anchorTimeID="T1" temporalFunction="TRUE" tid="t4" type="DATE" value="1999-07-21" valueFromFunction="TF2">mercredi dernier</TIMEX3> autour de Lionel Jospin les chefs de parti de la majorité plurielle.
</TEXT><MAKEINSTANCE eiid="ei1" eventID="e1" /><MAKEINSTANCE eiid="ei3" eventID="e3" /><MAKEINSTANCE eiid="ei4" eventID="e4" /><MAKEINSTANCE eiid="ei7" eventID="e7" /><MAKEINSTANCE eiid="ei8" eventID="e8" /><MAKEINSTANCE eiid="ei9" eventID="e9" /><MAKEINSTANCE eiid="ei10" eventID="e10" /><MAKEINSTANCE eiid="ei11" eventID="e11" /><MAKEINSTANCE eiid="ei12" eventID="e12" /><MAKEINSTANCE eiid="ei13" eventID="e13" /><MAKEINSTANCE eiid="ei14" eventID="e14" /></TimeML>
