<?xml version="1.0" encoding="utf-8"?>            
<TimeML><TEXT>
<TIMEX3 functionInDocument="CREATION_TIME" tid="t1" type="DATE" value="1999-05-27" />L'Irak a <EVENT aspect="NONE" class="I_ACTION" eid="e1" pos="VERB" signalID="PRED=DONNER SON ACCORD" tense="PAST" vform="PASTPART">donné</EVENT> son accord au <EVENT aspect="NONE" class="OCCURRENCE" eid="e3" modality="PERMISSION" pos="NOUN" signalID="PRED=RENOUVELLEMENT" tense="NONE" vform="NONE">renouvellement</EVENT> <SIGNAL sid="s4">pour</SIGNAL> une nouvelle période de <TIMEX3 functionInDocument="NONE" temporalFunction="FALSE" tid="t6" type="DURATION" value="P6M">six mois</TIMEX3> du programme humanitaire «pétrole contre nourriture». Le Conseil de sécurité de l'ONU a <EVENT aspect="NONE" class="OCCURRENCE" eid="e5" pos="VERB" signalID="PRED=RECONDUIRE" tense="PAST" vform="PASTPART">reconduit</EVENT> à l'unanimité <TIMEX3 anchorTimeID="T1" temporalFunction="TRUE" tid="t3" type="DATE" value="1999-05-21" valueFromFunction="TF3">vendredi dernier</TIMEX3> les dispositions de la phase V <EVENT aspect="NONE" class="I_ACTION" eid="e7" pos="VERB" signalID="PRED=AUTORISER" tense="NONE" vform="PRESPART">autorisant</EVENT> Bagdad à <EVENT aspect="NONE" class="OCCURRENCE" eid="e8" modality="PERMISSION" pos="VERB" signalID="PRED=EXPORTER" tense="NONE" vform="INFINITIVE">exporter</EVENT> du brut à hauteur de 5,2 milliards de dollars <SIGNAL sid="s3">par</SIGNAL> <TIMEX3 functionInDocument="NONE" quant="EVERY" temporalFunction="FALSE" tid="t4" type="SET" value="P6M">semestre</TIMEX3> pour <EVENT aspect="NONE" class="OCCURRENCE" eid="e9" pos="VERB" signalID="PRED=ACHETER" tense="NONE" vform="INFINITIVE">acheter</EVENT> des produits de première nécessité, sous strict contrôle de l'ONU.
</TEXT><MAKEINSTANCE eiid="ei1" eventID="e1" /><MAKEINSTANCE eiid="ei3" eventID="e3" /><MAKEINSTANCE eiid="ei5" eventID="e5" /><MAKEINSTANCE eiid="ei7" eventID="e7" /><MAKEINSTANCE eiid="ei8" eventID="e8" /><MAKEINSTANCE eiid="ei9" eventID="e9" /></TimeML>
