<?xml version="1.0" encoding="utf-8"?>            
<TimeML><TEXT>
<TIMEX3 functionInDocument="CREATION_TIME" tid="t1" type="DATE" value="1999-05-22" />PROCHAIN <EVENT aspect="NONE" class="OCCURRENCE" eid="e7" pos="NOUN" signalID="PRED=MARIAGE" tense="NONE" vform="NONE">MARIAGE</EVENT>.
Nous <EVENT aspect="NONE" class="OCCURRENCE" eid="e1" pos="NONE" signalID="PRED=APPRENDRE" tense="PRESENT" vform="NONE">apprenons</EVENT> le <TIMEX3 functionInDocument="NONE" temporalFunction="TRUE" tid="t4" type="DATE" value="FUTURE_REF">prochain</TIMEX3> <EVENT aspect="NONE" class="OCCURRENCE" eid="e2" pos="NOUN" signalID="PRED=MARIAGE" tense="NONE" vform="NONE">mariage</EVENT> de Yohann Thomas, cuisinier, <EVENT aspect="NONE" class="STATE" eid="e3" pos="VERB" signalID="PRED=DEMEURER" tense="NONE" vform="PRESPART">demeurant</EVENT> route de la Chalande au Tholy, avec Alice Doyen, serveuse <EVENT aspect="NONE" class="STATE" eid="e4" pos="VERB" signalID="PRED=DEMEURER" tense="NONE" vform="PRESPART">demeurant</EVENT> à Montigny-les-Metz. Les <EVENT aspect="NONE" class="I_ACTION" eid="e5" pos="NOUN" signalID="PRED=CONSENTEMENT" tense="NONE" vform="NONE">consentements</EVENT> seront <EVENT aspect="NONE" class="OCCURRENCE" eid="e6" pos="VERB" signalID="PRED=RECEVOIR" tense="FUTURE" vform="PASTPART">reçus</EVENT> en mairie <TIMEX3 tid="t2" type="DATE" value="1999-06-05">le samedi 5 juin</TIMEX3> <SIGNAL sid="s1">à</SIGNAL> <TIMEX3 tid="t3" type="TIME" value="1999-06-05T17:00">17 h</TIMEX3>.
</TEXT><MAKEINSTANCE eiid="ei1" eventID="e1" /><MAKEINSTANCE eiid="ei2" eventID="e2" /><MAKEINSTANCE eiid="ei3" eventID="e3" /><MAKEINSTANCE eiid="ei4" eventID="e4" /><MAKEINSTANCE eiid="ei5" eventID="e5" /><MAKEINSTANCE eiid="ei6" eventID="e6" /><MAKEINSTANCE eiid="ei7" eventID="e7" /></TimeML>
