<?xml version="1.0" encoding="utf-8"?>            
<TimeML><TEXT>
<TIMEX3 functionInDocument="CREATION_TIME" tid="t1" type="DATE" value="1999-05-19" />Grosse <EVENT aspect="NONE" class="STATE" eid="e15" pos="NOUN" signalID="PRED=BRONCHITE" tense="NONE" vform="NONE">bronchite</EVENT> pour Eltsine.
Le président russe Boris Eltsine a <EVENT aspect="NONE" class="I_ACTION" eid="e1" pos="VERB" signalID="PRED=ANNULER" tense="PAST" vform="PASTPART">annulé</EVENT> <TIMEX3 anchorTimeID="T1" temporalFunction="TRUE" tid="t2" type="DATE" value="1999-05-18" valueFromFunction="TF17">hier</TIMEX3> une <EVENT aspect="NONE" class="OCCURRENCE" eid="e2" pos="NOUN" signalID="PRED=RENCONTRE" tense="NONE" vform="NONE">rencontre</EVENT> avec le président du gouvernement espagnol Jose Maria Aznar en raison d'une <EVENT aspect="NONE" class="STATE" eid="e14" pos="NOUN" signalID="PRED=BRONCHITE" tense="NONE" vform="NONE">bronchite</EVENT>, a <EVENT aspect="NONE" class="REPORTING" eid="e4" pos="VERB" signalID="PRED=AFFIRMER" tense="PAST" vform="PASTPART">affirmé</EVENT> l'ambassade d'Espagne à Moscou. Cependant, le Kremlin a <EVENT aspect="NONE" class="I_ACTION" eid="e5" pos="VERB" signalID="PRED=DÉMENTIR" tense="PAST" vform="PASTPART">démenti</EVENT> que le chef de l'Etat soit <EVENT aspect="NONE" class="STATE" eid="e12" pos="ADJECTIVE" signalID="PRED=MALADE, MOOD=SUBJUNCTIVE" tense="PRESENT" vform="NONE">malade</EVENT>, <EVENT aspect="NONE" class="REPORTING" eid="e6" pos="VERB" signalID="PRED=INDIQUER" tense="NONE" vform="PRESPART">indiquant</EVENT> laconiquement que l'<EVENT aspect="NONE" class="OCCURRENCE" eid="e7" pos="NOUN" signalID="PRED=ENTRETIEN" tense="NONE" vform="NONE">entretien</EVENT> «ne <EVENT aspect="NONE" class="STATE" eid="e8" polarity="NEG" pos="NONE" signalID="PRED=FIGURER" tense="IMPERFECT" vform="NONE">figurait</EVENT> pas sur l'agenda» du chef de l'Etat. <TIMEX3 endPoint="T1" temporalFunction="TRUE" tid="t3" type="DURATION" value="PXD" valueFromFunction="TF19">Ces derniers jours</TIMEX3>, M. Eltsine a <EVENT aspect="NONE" class="OCCURRENCE" eid="e9" pos="VERB" signalID="PRED=MONTRER" tense="PAST" vform="PASTPART">montré</EVENT> des signes évidents de faiblesse, <EVENT aspect="NONE" class="OCCURRENCE" eid="e10" pos="VERB" signalID="PRED=APPARAÎTRE" tense="NONE" vform="PRESPART">apparaissant</EVENT> le visage très <EVENT aspect="NONE" class="STATE" eid="e13" pos="ADJECTIVE" signalID="PRED=BOUFFI" tense="NONE" vform="NONE">bouffi</EVENT> et se <EVENT aspect="NONE" class="OCCURRENCE" eid="e11" pos="VERB" signalID="PRED=DÉPLACER" tense="NONE" vform="PRESPART">déplaçant</EVENT> avec difficulté.
</TEXT><MAKEINSTANCE eiid="ei1" eventID="e1" /><MAKEINSTANCE eiid="ei2" eventID="e2" /><MAKEINSTANCE eiid="ei4" eventID="e4" /><MAKEINSTANCE eiid="ei5" eventID="e5" /><MAKEINSTANCE eiid="ei6" eventID="e6" /><MAKEINSTANCE eiid="ei7" eventID="e7" /><MAKEINSTANCE eiid="ei8" eventID="e8" /><MAKEINSTANCE eiid="ei9" eventID="e9" /><MAKEINSTANCE eiid="ei10" eventID="e10" /><MAKEINSTANCE eiid="ei11" eventID="e11" /><MAKEINSTANCE eiid="ei12" eventID="e12" /><MAKEINSTANCE eiid="ei13" eventID="e13" /><MAKEINSTANCE eiid="ei14" eventID="e14" /><MAKEINSTANCE eiid="ei15" eventID="e15" /></TimeML>
