<?xml version="1.0" encoding="utf-8"?>            
<TimeML><TEXT>
<TIMEX3 functionInDocument="CREATION_TIME" tid="t1" type="DATE" value="1999-05-21" /><EVENT aspect="NONE" class="OCCURRENCE" eid="e6" pos="NOUN" signalID="PRED=ACCIDENT" tense="NONE" vform="NONE">Accident</EVENT> rue de Danjoutin.
Jean Burget, 87 ans, a été <EVENT aspect="NONE" class="OCCURRENCE" eid="e1" pos="VERB" signalID="PRED=HEURTER" tense="PAST" vform="PASTPART">heurté</EVENT> par une voiture, <TIMEX3 mod="START" tid="t4" type="TIME" value="1999-05-20TAF">hier en début d'après-midi</TIMEX3>, rue de Danjoutin à Belfort, <SIGNAL sid="s2">alors qu'</SIGNAL>il <EVENT aspect="PROGRESSIVE" class="OCCURRENCE" eid="e2" pos="NONE" signalID="PRED=TRAVERSER" tense="IMPERFECT" vform="NONE">traversait</EVENT> la chaussée en <EVENT aspect="PROGRESSIVE" class="OCCURRENCE" eid="e3" pos="VERB" signalID="PRED=MARCHER" tense="NONE" vform="GERUNDIVE">marchant</EVENT> à côté de son vélo. <EVENT aspect="NONE" class="STATE" eid="e4" pos="ADJECTIVE" signalID="PRED=BLESSER" tense="NONE" vform="NONE">Blessé</EVENT> à la jambe gauche et au thorax, il a été <EVENT aspect="NONE" class="OCCURRENCE" eid="e5" pos="VERB" signalID="PRED=TRANSPORTER" tense="PAST" vform="PASTPART">transporté</EVENT> au centre hospitalier de Belfort par les pompiers de la cité du Lion.
</TEXT><MAKEINSTANCE eiid="ei1" eventID="e1" /><MAKEINSTANCE eiid="ei2" eventID="e2" /><MAKEINSTANCE eiid="ei3" eventID="e3" /><MAKEINSTANCE eiid="ei4" eventID="e4" /><MAKEINSTANCE eiid="ei5" eventID="e5" /><MAKEINSTANCE eiid="ei6" eventID="e6" /></TimeML>
