<?xml version="1.0" encoding="utf-8"?>            
<TimeML><TEXT>
<TIMEX3 functionInDocument="CREATION_TIME" tid="t1" type="DATE" value="1999-07-28" />Philippe Barret, un des conseillers du ministre de l'Intérieur Jean-Pierre Chevènement, a <EVENT aspect="NONE" class="OCCURRENCE" eid="e1" pos="VERB" signalID="PRED=DÉMISSIONNER" tense="PAST" vform="PASTPART">démissionné</EVENT> <TIMEX3 anchorTimeID="T1" temporalFunction="TRUE" tid="t2" type="DATE" value="1999-07-21" valueFromFunction="TF2">mercredi dernier</TIMEX3> de ses fonctions. Conseiller politique, Philippe Barret, qui s'<EVENT aspect="NONE" class="OCCURRENCE" eid="e2" pos="NONE" signalID="PRED=OCCUPER" tense="IMPERFECT" vform="NONE">occupait</EVENT> également des questions relatives à la Corse, a <EVENT aspect="NONE" class="OCCURRENCE" eid="e4" pos="VERB" signalID="PRED=AVANCER" tense="PAST" vform="PASTPART">avancé</EVENT> des «raisons personnelles» à son <EVENT aspect="NONE" class="OCCURRENCE" eid="e5" pos="NOUN" signalID="PRED=DÉPART" tense="NONE" vform="NONE">départ</EVENT>. Agé de 54 ans, il <EVENT aspect="NONE" class="MODAL" eid="e6" pos="NONE" signalID="MOOD=CONDITIONAL, PRED=DEVOIR" tense="PRESENT" vform="NONE">devrait</EVENT> <EVENT aspect="NONE" class="OCCURRENCE" eid="e7" modality="PROBABILITY" pos="VERB" signalID="PRED=REGAGNER" tense="NONE" vform="INFINITIVE">regagner</EVENT> son corps d'origine, l'inspection générale de l'éducation nationale.
</TEXT><MAKEINSTANCE eiid="ei1" eventID="e1" /><MAKEINSTANCE eiid="ei2" eventID="e2" /><MAKEINSTANCE eiid="ei4" eventID="e4" /><MAKEINSTANCE eiid="ei5" eventID="e5" /><MAKEINSTANCE eiid="ei6" eventID="e6" /><MAKEINSTANCE eiid="ei7" eventID="e7" /></TimeML>
