<?xml version="1.0" encoding="utf-8"?>            
<TimeML><TEXT>
<TIMEX3 functionInDocument="CREATION_TIME" tid="t1" type="DATE" value="1999-07-09" />Michel Barnier, ancien ministre des Affaires européennes et organisateur des <EVENT aspect="NONE" class="OCCURRENCE" eid="e2" pos="NOUN" signalID="PRED=JEU" tense="NONE" vform="NONE">Jeux</EVENT> olympiques d'Albertville, et l'ancien directeur de cabinet de Jacques Delors, Pascal Lamy, sont les deux candidats que <EVENT aspect="NONE" class="STATE" eid="e3" pos="NONE" signalID="PRED=PRÉSENTER" tense="PRESENT" vform="NONE">présente</EVENT> la France pour les deux sièges dont elle <EVENT aspect="NONE" class="STATE" eid="e5" pos="NONE" signalID="PRED=DISPOSER" tense="PRESENT" vform="NONE">dispose</EVENT> à la Commission européenne.
L'<EVENT aspect="NONE" class="REPORTING" eid="e7" pos="NOUN" signalID="PRED=ANNONCE" tense="NONE" vform="NONE">annonce</EVENT> en a été <EVENT aspect="NONE" class="OCCURRENCE" eid="e8" pos="VERB" signalID="PRED=FAIRE" tense="PAST" vform="PASTPART">faite</EVENT> <TIMEX3 anchorTimeID="T1" temporalFunction="TRUE" tid="t2" type="DATE" value="1999-07-08" valueFromFunction="TF17">hier</TIMEX3> par Jacques Chirac et Lionel Jospin, dans un communiqué commun. Selon la tradition, Michel Barnier est sénateur RPR de Savoie et Pascal Lamy socialiste, <TIMEX3 functionInDocument="NONE" temporalFunction="FALSE" tid="t13" type="DATE" value="PRESENT_REF">actuel</TIMEX3> directeur général du Crédit Lyonnais. Le premier <EVENT aspect="NONE" class="OCCURRENCE" eid="e9" pos="NONE" signalID="PRED=SUCCÉDER" tense="FUTURE" vform="NONE">succédera</EVENT> à Thibault de Silguy, le père de l'euro qui <EVENT aspect="NONE" class="MODAL" eid="e10" pos="NONE" signalID="MOOD=CONDITIONAL, PRED=DEVOIR" tense="PRESENT" vform="NONE">devrait</EVENT> être <EVENT aspect="NONE" class="OCCURRENCE" eid="e11" modality="PROBABILITY" pos="VERB" signalID="PRED=APPELER" tense="NONE" vform="PASTPART">appelé</EVENT> à d'autres fonctions. Le second <EVENT aspect="NONE" class="OCCURRENCE" eid="e12" pos="NONE" signalID="PRED=REMPLACER" tense="PRESENT" vform="NONE">remplace</EVENT> Edith Cresson par qui le <EVENT aspect="NONE" class="OCCURRENCE" eid="e13" pos="NOUN" signalID="PRED=SCANDALE" tense="NONE" vform="NONE">scandale</EVENT> est <EVENT aspect="NONE" class="EVENT_CONTAINER" eid="e14" pos="VERB" signalID="PRED=ARRIVER" tense="PAST" vform="PASTPART">arrivé</EVENT>...
La liste des vingt nouveaux commissaires est <TIMEX3 tid="t3" type="DATE" value="1999-07-09">désormais</TIMEX3> <EVENT aspect="NONE" class="STATE" eid="e59" pos="ADJECTIVE" signalID="PRED=COMPLÈTE" tense="NONE" vform="NONE">complète</EVENT> et Romano Prodi <EVENT aspect="NONE" class="MODAL" eid="e15" pos="NONE" signalID="MOOD=CONDITIONAL, PRED=DEVOIR" tense="PRESENT" vform="NONE">devrait</EVENT> <EVENT aspect="NONE" class="MODAL" eid="e16" modality="PROBABILITY" pos="VERB" signalID="PRED=POUVOIR" tense="NONE" vform="INFINITIVE">pouvoir</EVENT> en <EVENT aspect="NONE" class="OCCURRENCE" eid="e17" modality="POSSIBILITY" pos="VERB" signalID="PRED=FAIRE" tense="NONE" vform="INFINITIVE">faire</EVENT> l'<EVENT aspect="NONE" class="REPORTING" eid="e18" pos="NOUN" signalID="PRED=ANNONCE" tense="NONE" vform="NONE">annonce</EVENT> officielle <TIMEX3 anchorTimeID="T1" temporalFunction="TRUE" tid="t4" type="DATE" value="1999-07-09" valueFromFunction="TF1">aujourd'hui vendredi</TIMEX3>. Une première <EVENT aspect="NONE" class="OCCURRENCE" eid="e19" pos="NOUN" signalID="PRED=RÉUNION" tense="NONE" vform="NONE">réunion</EVENT> est <EVENT aspect="NONE" class="STATE" eid="e20" pos="ADJECTIVE" signalID="PRED=PRÉVOIR" tense="PRESENT" vform="NONE">prévue</EVENT> <TIMEX3 tid="t6" type="DATE" value="1999-07-16">le 16 juillet</TIMEX3> en Belgique, pour <EVENT aspect="NONE" class="REPORTING" eid="e21" pos="VERB" signalID="PRED=CONFIRMER" tense="NONE" vform="INFINITIVE">confirmer</EVENT> la répartition des portefeuilles. La Commission Prodi ne sera toutefois pas <EVENT aspect="NONE" class="STATE" eid="e60" polarity="NEG" pos="ADJECTIVE" signalID="PRED=OPÉRATIONNEL" tense="FUTURE" vform="NONE">opérationnelle</EVENT> <SIGNAL sid="s3">avant</SIGNAL> son <EVENT aspect="NONE" class="OCCURRENCE" eid="e24" pos="NOUN" signalID="PRED=INVESTITURE" tense="NONE" vform="NONE">investiture</EVENT> par le Parlement européen <EVENT aspect="NONE" class="STATE" eid="e26" pos="VERB" signalID="PRED=PRÉVOIR" tense="NONE" vform="PASTPART">prévue</EVENT> <TIMEX3 tid="t7" type="DATE" value="1999-09-15">le 15 septembre</TIMEX3>. <TIMEX3 tid="t8" type="DATE" value="PAST_REF">Auparavant</TIMEX3>, chacun des candidats-commissaires aura été «<EVENT aspect="PERFECTIVE" class="OCCURRENCE" eid="e61" pos="VERB" signalID="PRED=AUDITIONNER" tense="FUTURE" vform="PASTPART">auditionné</EVENT>» <SIGNAL sid="s5">à partir du</SIGNAL> <TIMEX3 tid="t9" type="DATE" value="1999-08-30">30 août</TIMEX3>.
Le cas allemand.
Une incertitude <EVENT aspect="NONE" class="STATE" eid="e27" pos="NONE" signalID="PRED=DEMEURER" tense="PRESENT" vform="NONE">demeure</EVENT> encore sur les noms des deux commissaires allemands, puisque le chancelier Schröder <EVENT aspect="NONE" class="I_STATE" eid="e28" pos="NONE" signalID="PRED=SOUHAITER" tense="PRESENT" vform="NONE">souhaite</EVENT> la <EVENT aspect="NONE" class="OCCURRENCE" eid="e29" pos="NOUN" signalID="PRED=NOMINATION" tense="NONE" vform="NONE">nomination</EVENT> de Günter Verheugen pour le SPD et Michaele Schreyer pour les Verts, malgré les réserves de Romano Prodi qui <EVENT aspect="NONE" class="STATE" eid="e31" modality="CONJECTURAL" pos="NONE" signalID="MOOD=CONDITIONAL, PRED=SOUHAITER" tense="PRESENT" vform="NONE">souhaiterait</EVENT> un représentant de l'opposition chrétienne-démocrate CDU qui a <EVENT aspect="NONE" class="OCCURRENCE" eid="e33" pos="VERB" signalID="PRED=REMPORTER" tense="PAST" vform="PASTPART">remporté</EVENT> les <EVENT aspect="NONE" class="OCCURRENCE" eid="e34" pos="NOUN" signalID="PRED=ÉLECTION" tense="NONE" vform="NONE">élections</EVENT> <SIGNAL sid="s6">du</SIGNAL> <TIMEX3 tid="t10" type="DATE" value="1999-06-13">13 juin</TIMEX3>.
Ailleurs, les jeux sont pratiquement <EVENT aspect="NONE" class="STATE" eid="e36" pos="ADJECTIVE" signalID="PRED=FAIRE" tense="PRESENT" vform="NONE">faits</EVENT>. En Grande-Bretagne, il s'agit de Neil Kinnock, commissaire <EVENT aspect="NONE" class="STATE" eid="e62" pos="ADJECTIVE" signalID="PRED=SORTIR" tense="NONE" vform="NONE">sortant</EVENT> aux transports, et de Chris Patten, ancien gouverneur de Hongkong. Pour l'Espagne, Loyola de Palacio, ancienne ministre de l'agriculture du gouvernement Aznar et Pedro Solbes, ancien ministre socialiste des finances.
Pour l'Italie, Romano Prodi bien sûr et Mario Monti, commissaire <EVENT aspect="NONE" class="STATE" eid="e63" pos="ADJECTIVE" signalID="PRED=SORTIR" tense="NONE" vform="NONE">sortant</EVENT> au marché intérieur. Pour l'Autriche, Franz Fischler, commissaire à l'agriculture <EVENT aspect="NONE" class="MODAL" eid="e38" pos="NONE" signalID="MOOD=CONDITIONAL, PRED=POUVOIR" tense="PRESENT" vform="NONE">pourrait</EVENT> <EVENT aspect="NONE" class="STATE" eid="e39" modality="CONJECTURAL" pos="VERB" signalID="PRED=CONSERVER" tense="NONE" vform="INFINITIVE">conserver</EVENT> son poste. Pour la Belgique, Philippe Busquin, président du parti socialiste francophone.
Cinq femmes seulement.
Pour le Luxembourg, la députée chrétienne-sociale Viviane Reeding. Pour la Finlande, le commissaire <EVENT aspect="NONE" class="STATE" eid="e64" pos="ADJECTIVE" signalID="PRED=SORTIR" tense="NONE" vform="NONE">sortant</EVENT> au budget, Erkki Liikanen. Pour la Suède, l'ancien ministre de la culture et des affaires sociales Margaret Wallstroem. Pour le Portugal, le dirigeant socialiste Antonio Vitorino. Pour la Grèce, la députée socialiste Anna Diamantropoulo.
Pour l'Irlande, le procureur général David Byrne, proche du Premier ministre. Pour les Pays-Bas, le libéral Fritz Bolkestein. Enfin pour le Danemark, le ministre de la coopération Poul Nielson.
Soit au total, quatre commissaires <EVENT aspect="NONE" class="STATE" eid="e66" pos="ADJECTIVE" signalID="PRED=SORTIR" tense="NONE" vform="NONE">sortants</EVENT> et seulement cinq femmes sur vingt sièges. Le rapport droite-gauche s'<EVENT aspect="NONE" class="STATE" eid="e48" modality="CONJECTURAL" pos="NONE" signalID="MOOD=CONDITIONAL, PRED=ÉTABLIR" tense="PRESENT" vform="NONE">établirait</EVENT> environ à huit contre douze.
Un journal finlandais a déjà <EVENT aspect="NONE" class="OCCURRENCE" eid="e49" pos="VERB" signalID="PRED=PUBLIER" tense="PAST" vform="PASTPART">publié</EVENT> <TIMEX3 anchorTimeID="T1" temporalFunction="TRUE" tid="t11" type="DATE" value="1999-W36">cette semaine</TIMEX3> la liste des nouveaux commissaires avec leurs affectations. Plus sérieusement, on <EVENT aspect="NONE" class="REPORTING" eid="e51" pos="NONE" signalID="PRED=INDIQUER" tense="IMPERFECT" vform="NONE">indiquait</EVENT> à Bruxelles que Romano Prodi <EVENT aspect="NONE" class="MODAL" eid="e52" pos="NONE" signalID="MOOD=CONDITIONAL, PRED=POUVOIR" tense="PRESENT" vform="NONE">pourrait</EVENT> être <EVENT aspect="NONE" class="STATE" eid="e53" modality="POSSIBILITY" pos="ADJECTIVE" signalID="PRED=ENTOURER" tense="NONE" vform="NONE">entouré</EVENT> de deux vice-présidents, l'anglais Neil Kinnock qui serait <EVENT aspect="NONE" class="STATE" eid="e54" modality="CONJECTURAL" pos="VERB" signalID="MOOD=CONDITIONAL, PRED=CHARGER" tense="NONE" vform="PASTPART">chargé</EVENT> de la <EVENT aspect="NONE" class="OCCURRENCE" eid="e55" pos="NOUN" signalID="PRED=RÉFORME" tense="NONE" vform="NONE">réforme</EVENT> des institutions, et Viviane Reeding, la Luxembourgeoise, qui serait <EVENT aspect="NONE" class="STATE" eid="e57" modality="CONJECTURAL" pos="VERB" signalID="MOOD=CONDITIONAL, PRED=CHARGER" tense="NONE" vform="PASTPART">chargée</EVENT> des délicates relations avec le Parlement européen.
Philippe JARRASSÉ
</TEXT><MAKEINSTANCE eiid="ei2" eventID="e2" /><MAKEINSTANCE eiid="ei3" eventID="e3" /><MAKEINSTANCE eiid="ei5" eventID="e5" /><MAKEINSTANCE eiid="ei7" eventID="e7" /><MAKEINSTANCE eiid="ei8" eventID="e8" /><MAKEINSTANCE eiid="ei9" eventID="e9" /><MAKEINSTANCE eiid="ei10" eventID="e10" /><MAKEINSTANCE eiid="ei11" eventID="e11" /><MAKEINSTANCE eiid="ei12" eventID="e12" /><MAKEINSTANCE eiid="ei13" eventID="e13" /><MAKEINSTANCE eiid="ei14" eventID="e14" /><MAKEINSTANCE eiid="ei15" eventID="e15" /><MAKEINSTANCE eiid="ei16" eventID="e16" /><MAKEINSTANCE eiid="ei17" eventID="e17" /><MAKEINSTANCE eiid="ei18" eventID="e18" /><MAKEINSTANCE eiid="ei19" eventID="e19" /><MAKEINSTANCE eiid="ei20" eventID="e20" /><MAKEINSTANCE eiid="ei21" eventID="e21" /><MAKEINSTANCE eiid="ei24" eventID="e24" /><MAKEINSTANCE eiid="ei26" eventID="e26" /><MAKEINSTANCE eiid="ei27" eventID="e27" /><MAKEINSTANCE eiid="ei28" eventID="e28" /><MAKEINSTANCE eiid="ei29" eventID="e29" /><MAKEINSTANCE eiid="ei31" eventID="e31" /><MAKEINSTANCE eiid="ei33" eventID="e33" /><MAKEINSTANCE eiid="ei34" eventID="e34" /><MAKEINSTANCE eiid="ei36" eventID="e36" /><MAKEINSTANCE eiid="ei38" eventID="e38" /><MAKEINSTANCE eiid="ei39" eventID="e39" /><MAKEINSTANCE eiid="ei48" eventID="e48" /><MAKEINSTANCE eiid="ei49" eventID="e49" /><MAKEINSTANCE eiid="ei51" eventID="e51" /><MAKEINSTANCE eiid="ei52" eventID="e52" /><MAKEINSTANCE eiid="ei53" eventID="e53" /><MAKEINSTANCE eiid="ei54" eventID="e54" /><MAKEINSTANCE eiid="ei55" eventID="e55" /><MAKEINSTANCE eiid="ei57" eventID="e57" /><MAKEINSTANCE eiid="ei59" eventID="e59" /><MAKEINSTANCE eiid="ei60" eventID="e60" /><MAKEINSTANCE eiid="ei61" eventID="e61" /><MAKEINSTANCE eiid="ei62" eventID="e62" /><MAKEINSTANCE eiid="ei63" eventID="e63" /><MAKEINSTANCE eiid="ei64" eventID="e64" /><MAKEINSTANCE eiid="ei66" eventID="e66" /></TimeML>
