<?xml version="1.0" encoding="utf-8"?>            
<TimeML><TEXT>
<TIMEX3 functionInDocument="CREATION_TIME" tid="t1" type="DATE" value="2002-11-04" /><EVENT aspect="NONE" class="OCCURRENCE" eid="e11" pos="NOUN" signalID="PRED=MODIFICATION" tense="NONE" vform="NONE">Modification</EVENT> de l'itinéraire du bus.
En raison des <EVENT aspect="NONE" class="OCCURRENCE" eid="e1" pos="NOUN" signalID="PRED=TRAVAUX" tense="NONE" vform="NONE">travaux</EVENT> de voirie qui vont être <EVENT aspect="NONE" class="OCCURRENCE" eid="e3" pos="VERB" signalID="ASPECT=PROSPECTIVE, PRED=EXÉCUTER" tense="PRESENT" vform="PASTPART">exécutés</EVENT> chemin des Montants, le trajet du bus et par conséquent, les arrêts sont <EVENT aspect="NONE" class="STATE" eid="e6" pos="VERB" signalID="PRED=MODIFIER" tense="PRESENT" vform="PASTPART">modifiés</EVENT>. <SIGNAL sid="s1">Pendant</SIGNAL> toute la durée des <EVENT aspect="NONE" class="OCCURRENCE" eid="e7" pos="NOUN" signalID="PRED=TRAVAUX" tense="NONE" vform="NONE">travaux</EVENT> (<TIMEX3 beginPoint="(T1)" mod="APPROX" tid="t2" type="DURATION" value="P2M">environ deux mois</TIMEX3>), la rue du château ne sera plus <EVENT aspect="NONE" class="STATE" eid="e8" polarity="NEG" pos="VERB" signalID="PRED=DESSERVIR" tense="FUTURE" vform="PASTPART">desservie</EVENT>. Dans le sens Nancy-Ecuelle, les <EVENT aspect="NONE" class="OCCURRENCE" eid="e12" pos="NOUN" signalID="PRED=ARRÊT" tense="NONE" vform="NONE">arrêts</EVENT> à Eulmont se <EVENT aspect="NONE" class="OCCURRENCE" eid="e10" pos="NONE" signalID="PRED=FAIRE" tense="FUTURE" vform="NONE">feront</EVENT> : 1. à la Teille, 2. au chêne, 3. au centre et à la ferme (face à l'abri).
</TEXT><MAKEINSTANCE eiid="ei1" eventID="e1" /><MAKEINSTANCE eiid="ei3" eventID="e3" /><MAKEINSTANCE eiid="ei6" eventID="e6" /><MAKEINSTANCE eiid="ei7" eventID="e7" /><MAKEINSTANCE eiid="ei8" eventID="e8" /><MAKEINSTANCE eiid="ei10" eventID="e10" /><MAKEINSTANCE eiid="ei11" eventID="e11" /><MAKEINSTANCE eiid="ei12" eventID="e12" /></TimeML>
