<?xml version="1.0" encoding="utf-8"?>            
<TimeML><TEXT>
<TIMEX3 functionInDocument="CREATION_TIME" tid="t1" type="DATE" value="2002-03-27" />L'avantage du Premier ministre dans les <EVENT aspect="NONE" class="OCCURRENCE" eid="e6" pos="NOUN" signalID="PRED=SONDAGE" tense="NONE" vform="NONE">sondages</EVENT> est si fragile qu'il <EVENT aspect="NONE" class="OCCURRENCE" eid="e2" pos="NONE" signalID="PRED=RENDRE" tense="PRESENT" vform="NONE">rend</EVENT> tout <EVENT aspect="NONE" class="OCCURRENCE" eid="e7" modality="POSSIBILITY" polarity="NEG" pos="NOUN" signalID="PRED=PRONOSTIC" tense="NONE" vform="NONE">pronostic</EVENT> impossible. Lionel Jospin a cependant <EVENT aspect="NONE" class="OCCURRENCE" eid="e3" pos="VERB" signalID="PRED=TRAITER" tense="PAST" vform="PASTPART">traité</EVENT> le sujet sensible de l'insécurité <TIMEX3 anchorTimeID="T1" temporalFunction="TRUE" tid="t2" type="DATE" value="2002-03-26TEV" valueFromFunction="TF5">hier soir</TIMEX3> <SIGNAL sid="s1">au</SIGNAL> <EVENT aspect="NONE" class="OCCURRENCE" eid="e4" pos="NOUN" signalID="PRED=MEETING" tense="NONE" vform="NONE">meeting</EVENT> de Tours. Sans <EVENT aspect="NONE" class="OCCURRENCE" eid="e5" polarity="NEG" pos="NOUN" signalID="PRED=DRAMATISATION" tense="NONE" vform="NONE">dramatisation</EVENT> excessive.
de Nicole COLLET et Chantal DIDIER
</TEXT><MAKEINSTANCE eiid="ei2" eventID="e2" /><MAKEINSTANCE eiid="ei3" eventID="e3" /><MAKEINSTANCE eiid="ei4" eventID="e4" /><MAKEINSTANCE eiid="ei5" eventID="e5" /><MAKEINSTANCE eiid="ei6" eventID="e6" /><MAKEINSTANCE eiid="ei7" eventID="e7" /></TimeML>
