<?xml version="1.0" encoding="utf-8"?>            
<TimeML><TEXT>
<TIMEX3 functionInDocument="CREATION_TIME" tid="t1" type="DATE" value="2002-05-07" />La «<EVENT aspect="NONE" class="OCCURRENCE" eid="e1" pos="NOUN" signalID="PRED=MISSION" tense="NONE" vform="NONE">mission</EVENT>» de Raffarin.
Jacques Chirac a <EVENT aspect="NONE" class="OCCURRENCE" eid="e2" pos="VERB" signalID="PRED=FAIRE" tense="PAST" vform="PASTPART">fait</EVENT> vite. <EVENT aspect="NONE" class="OCCURRENCE" eid="e3" pos="VERB" signalID="PRED=RÉÉLIRE" tense="NONE" vform="PASTPART">Réélu</EVENT> triomphalement <TIMEX3 tid="t2" type="DATE" value="2002-05-05">dimanche</TIMEX3> avec plus de 82% des voix, le chef de l'Etat a <EVENT aspect="NONE" class="OCCURRENCE" eid="e4" pos="VERB" signalID="PRED=NOMMER" tense="PAST" vform="PASTPART">nommé</EVENT> <SIGNAL sid="s1">dès</SIGNAL> <TIMEX3 anchorTimeID="T1" temporalFunction="TRUE" tid="t3" type="DATE" value="2002-05-06" valueFromFunction="TF17">hier</TIMEX3> à Matignon Jean-Pierre Raffarin. Celui-ci s'est <SIGNAL sid="s2">aussitôt</SIGNAL> <EVENT aspect="NONE" class="OCCURRENCE" eid="e5" pos="VERB" signalID="PRED=LANCER" tense="PAST" vform="PASTPART">lancé</EVENT> dans les <EVENT aspect="NONE" class="OCCURRENCE" eid="e6" pos="NOUN" signalID="PRED=CONSULTATION" tense="NONE" vform="NONE">consultations</EVENT> pour la <EVENT aspect="NONE" class="OCCURRENCE" eid="e7" pos="NOUN" signalID="PRED=CONSTITUTION" tense="NONE" vform="NONE">constitution</EVENT> de son gouvernement «de mission» dont la composition sera <EVENT aspect="NONE" class="OCCURRENCE" eid="e10" pos="VERB" signalID="PRED=RENDRE, CLASS=CAUSE" tense="FUTURE" vform="PASTPART">rendue</EVENT> <EVENT aspect="NONE" class="STATE" eid="e11" pos="ADJECTIVE" tense="NONE" vform="NONE">publique</EVENT> <TIMEX3 anchorTimeID="T1" temporalFunction="TRUE" tid="t4" type="DATE" value="2002-05-07TDT" valueFromFunction="TF2">ce mardi «dans la journée»</TIMEX3>.
</TEXT><MAKEINSTANCE eiid="ei1" eventID="e1" /><MAKEINSTANCE eiid="ei2" eventID="e2" /><MAKEINSTANCE eiid="ei3" eventID="e3" /><MAKEINSTANCE eiid="ei4" eventID="e4" /><MAKEINSTANCE eiid="ei5" eventID="e5" /><MAKEINSTANCE eiid="ei6" eventID="e6" /><MAKEINSTANCE eiid="ei7" eventID="e7" /><MAKEINSTANCE eiid="ei10" eventID="e10" /><MAKEINSTANCE eiid="ei11" eventID="e11" /></TimeML>
