<?xml version="1.0" encoding="utf-8"?>            
<TimeML><TEXT>
<TIMEX3 functionInDocument="CREATION_TIME" tid="t1" type="DATE" value="2002-04-30" />Besancenot à Marseille.
Olivier Besancenot <EVENT aspect="NONE" class="STATE" eid="e6" pos="NONE" signalID="PRED=ETRE" tense="FUTURE" vform="NONE">sera</EVENT> à Marseille <TIMEX3 tid="t2" type="DATE" value="2002-05-02">jeudi 2 mai</TIMEX3> afin d'y <EVENT aspect="NONE" class="OCCURRENCE" eid="e1" pos="VERB" signalID="PRED=MANIFESTER" tense="NONE" vform="INFINITIVE">manifester</EVENT> contre la <EVENT aspect="NONE" class="OCCURRENCE" eid="e2" pos="NOUN" signalID="PRED=VENUE" tense="NONE" vform="NONE">venue</EVENT> de Jean-Marie Le Pen. L'ancien candidat de la Ligue communiste révolutionnaire (LCR) à la <EVENT aspect="NONE" class="OCCURRENCE" eid="e3" pos="NOUN" signalID="PRED=PRÉSIDENTIELLE" tense="NONE" vform="NONE">présidentielle</EVENT> <EVENT aspect="NONE" class="OCCURRENCE" eid="e4" pos="NONE" signalID="PRED=MANIFESTER" tense="FUTURE" vform="NONE">manifestera</EVENT> aussi <TIMEX3 tid="t3" type="DATE" value="2002-05-01">le mercredi 1er mai</TIMEX3> à la tête du cortège de la LCR <EVENT aspect="NONE" class="STATE" eid="e8" pos="ADJECTIVE" signalID="PRED=PRESENT" tense="NONE" vform="NONE">présent</EVENT> dans la grande <EVENT aspect="NONE" class="OCCURRENCE" eid="e5" pos="NOUN" signalID="PRED=MANIFESTATION" tense="NONE" vform="NONE">manifestation</EVENT> parisienne anti-Le Pen, au côté d'Alain Krivine, porte-parole de la LCR.
</TEXT><MAKEINSTANCE eiid="ei1" eventID="e1" /><MAKEINSTANCE eiid="ei2" eventID="e2" /><MAKEINSTANCE eiid="ei3" eventID="e3" /><MAKEINSTANCE eiid="ei4" eventID="e4" /><MAKEINSTANCE eiid="ei5" eventID="e5" /><MAKEINSTANCE eiid="ei6" eventID="e6" /><MAKEINSTANCE eiid="ei8" eventID="e8" /></TimeML>
