<?xml version="1.0" encoding="utf-8"?>            
<TimeML><TEXT>
<TIMEX3 functionInDocument="CREATION_TIME" tid="t1" type="DATE" value="2002-01-03" />Christiane Marchiani, épouse du député européen, et Marie-Danièle Faure, proche collaboratrice de Charles Pasqua, ont été <EVENT aspect="NONE" class="OCCURRENCE" eid="e1" pos="VERB" signalID="PRED=METTRE" tense="PAST" vform="PASTPART">mises</EVENT> en examen <TIMEX3 tid="t2" type="DATE" value="2001-12-21">le 21 décembre</TIMEX3>. Elles sont <EVENT aspect="NONE" class="I_STATE" eid="e2" pos="VERB" signalID="PRED=SOUPÇONNER" tense="PRESENT" vform="PASTPART">soupçonnées</EVENT> d'avoir <EVENT aspect="PERFECTIVE" class="OCCURRENCE" eid="e3" pos="VERB" signalID="PRED=PERCEVOIR" tense="NONE" vform="PASTPART">perçu</EVENT> des fonds <EVENT aspect="NONE" class="STATE" eid="e4" pos="VERB" signalID="PRED=PROVENIR" tense="NONE" vform="PRESPART">provenant</EVENT> d'une rançon de 3 millions de dollars <EVENT aspect="NONE" class="OCCURRENCE" eid="e5" pos="VERB" signalID="PRED=VERSER" tense="NONE" vform="PASTPART">versée</EVENT> par l'Etat français en échange des otages du Liban. Jean-Paul Kauffmann, Marcel Carton et Marcel Fontaine avaient été <EVENT aspect="PERFECTIVE" class="OCCURRENCE" eid="e6" pos="VERB" signalID="PRED=LIBÉRER" tense="PAST" vform="PASTPART">libérés</EVENT> <SIGNAL sid="s1">en</SIGNAL> <TIMEX3 tid="t3" type="DATE" value="1988-05">mai 1988</TIMEX3>, <TIMEX3 tid="t4" type="DURATION" value="PXD">quelques jours</TIMEX3> <SIGNAL sid="s3">avant</SIGNAL> le deuxième <EVENT aspect="NONE" class="OCCURRENCE" eid="e7" pos="NOUN" signalID="PRED=TOUR" tense="NONE" vform="NONE">tour</EVENT> de l'<EVENT aspect="NONE" class="OCCURRENCE" eid="e8" pos="NOUN" signalID="PRED=ÉLECTION" tense="NONE" vform="NONE">élection</EVENT> présidentielle. Le gouvernement de l'époque dont Jacques Chirac était le Premier ministre, a toujours <EVENT aspect="NONE" class="I_ACTION" eid="e10" pos="VERB" signalID="PRED=NIER" tense="PAST" vform="PASTPART">nié</EVENT> l'<EVENT aspect="NONE" class="STATE" eid="e11" pos="NOUN" signalID="PRED=EXISTENCE" tense="NONE" vform="NONE">existence</EVENT> de cette rançon.
</TEXT><MAKEINSTANCE eiid="ei1" eventID="e1" /><MAKEINSTANCE eiid="ei2" eventID="e2" /><MAKEINSTANCE eiid="ei3" eventID="e3" /><MAKEINSTANCE eiid="ei4" eventID="e4" /><MAKEINSTANCE eiid="ei5" eventID="e5" /><MAKEINSTANCE eiid="ei6" eventID="e6" /><MAKEINSTANCE eiid="ei7" eventID="e7" /><MAKEINSTANCE eiid="ei8" eventID="e8" /><MAKEINSTANCE eiid="ei10" eventID="e10" /><MAKEINSTANCE eiid="ei11" eventID="e11" /></TimeML>
