<?xml version="1.0" encoding="utf-8"?>            
<TimeML><TEXT>
<TIMEX3 functionInDocument="CREATION_TIME" tid="t1" type="DATE" value="2002-04-02" />-------
<EVENT aspect="NONE" class="OCCURRENCE" eid="e19" pos="NOUN" signalID="PRED=COUP" tense="NONE" vform="NONE">Coups</EVENT> de feu sur le TGV. - Trois rames de TGV ont <EVENT aspect="NONE" class="OCCURRENCE" eid="e1" pos="VERB" signalID="PRED=ESSUYER" tense="PAST" vform="PASTPART">essuyé</EVENT> des <EVENT aspect="NONE" class="OCCURRENCE" eid="e2" pos="NOUN" signalID="PRED=COUP" tense="NONE" vform="NONE">coups</EVENT> de feu sur la ligne Paris-Nantes près d'Angers <TIMEX3 anchorTimeID="T1" temporalFunction="TRUE" tid="t2" type="DATE" value="2002-03-31TAF">dimanche après-midi</TIMEX3>. Les premiers <EVENT aspect="NONE" class="OCCURRENCE" eid="e3" pos="NOUN" signalID="PRED=TIR" tense="NONE" vform="NONE">tirs</EVENT> ont <EVENT aspect="NONE" class="EVENT_CONTAINER" eid="e4" pos="VERB" signalID="PRED=AVOIR" tense="PAST" vform="PASTPART">eu</EVENT> lieu <SIGNAL sid="s1">vers</SIGNAL> <TIMEX3 tid="t3" type="TIME" value="2002-03-31T18:55">18 h 55</TIMEX3> <SIGNAL sid="s2">alors que</SIGNAL> le train Paris-Nantes se <EVENT aspect="NONE" class="STATE" eid="e5" pos="NONE" signalID="PRED=TROUVER" tense="IMPERFECT" vform="NONE">trouvait</EVENT> à 15 km au nord d'Angers (Maine-et-Loire), à la jonction des communes d'Ecouflant, Tiercé et Briollay, en rase campagne. En raison de cet <EVENT aspect="NONE" class="OCCURRENCE" eid="e8" pos="NOUN" signalID="PRED=INCIDENT" tense="NONE" vform="NONE">incident</EVENT>, le TGV a été <EVENT aspect="NONE" class="OCCURRENCE" eid="e9" pos="VERB" signalID="PRED=RETARDER" tense="PAST" vform="PASTPART">retardé</EVENT> <SIGNAL sid="s5">de</SIGNAL> <TIMEX3 tid="t4" type="DURATION" value="PT15M">quinze minutes</TIMEX3>. Les tirs <EVENT aspect="NONE" class="STATE" eid="e11" pos="NONE" signalID="PRED=PROVENIR" tense="IMPERFECT" vform="NONE">provenaient</EVENT> d'une carabine de gros calibre et ont <EVENT aspect="NONE" class="EVENT_CONTAINER" eid="e12" pos="VERB" signalID="PRED=AVOIR" tense="PAST" vform="PASTPART">eu</EVENT> lieu de bas en haut, en raison de la hauteur surélevée de la voie. <SIGNAL sid="s4">A</SIGNAL> <TIMEX3 tid="t5" type="TIME" value="2002-03-31T20:00">20 h</TIMEX3>, deux nouvelles rames, un Nantes-Paris et un Nantes-Lille, ont alors été <EVENT aspect="NONE" class="OCCURRENCE" eid="e14" pos="VERB" signalID="PRED=PRENDRE" tense="PAST" vform="PASTPART">prises</EVENT> elles aussi pour cibles, dans une autre zone <EVENT aspect="NONE" class="STATE" eid="e15" pos="VERB" signalID="PRED=SITUER" tense="NONE" vform="PASTPART">située</EVENT> à quelques centaines de mètres de la première. Par sécurité, le trafic a alors été <EVENT aspect="NONE" class="OCCURRENCE" eid="e17" pos="VERB" signalID="PRED=DÉTOURNER" tense="PAST" vform="PASTPART">détourné</EVENT> via Saint-Pierre-des-Corps, près de Tours. <SIGNAL sid="s6">Jusqu'à</SIGNAL> tard dans <TIMEX3 anchorTimeID="T2" temporalFunction="TRUE" tid="t8" type="TIME" value="2002-03-31-TNI">la nuit</TIMEX3>, la police des chemins de fer et les gendarmes locaux ont <EVENT aspect="NONE" class="OCCURRENCE" eid="e18" pos="VERB" signalID="PRED=SÉCURISER" tense="PAST" vform="PASTPART">sécurisé</EVENT> la zone.
</TEXT><MAKEINSTANCE eiid="ei1" eventID="e1" /><MAKEINSTANCE eiid="ei2" eventID="e2" /><MAKEINSTANCE eiid="ei3" eventID="e3" /><MAKEINSTANCE eiid="ei4" eventID="e4" /><MAKEINSTANCE eiid="ei5" eventID="e5" /><MAKEINSTANCE eiid="ei8" eventID="e8" /><MAKEINSTANCE eiid="ei9" eventID="e9" /><MAKEINSTANCE eiid="ei11" eventID="e11" /><MAKEINSTANCE eiid="ei12" eventID="e12" /><MAKEINSTANCE eiid="ei14" eventID="e14" /><MAKEINSTANCE eiid="ei15" eventID="e15" /><MAKEINSTANCE eiid="ei17" eventID="e17" /><MAKEINSTANCE eiid="ei18" eventID="e18" /><MAKEINSTANCE eiid="ei19" eventID="e19" /></TimeML>
