<?xml version="1.0" encoding="utf-8"?>            
<TimeML><TEXT>
<TIMEX3 functionInDocument="CREATION_TIME" tid="t1" type="DATE" value="2002-11-21" /><EVENT aspect="NONE" class="OCCURRENCE" eid="e6" pos="NOUN" signalID="PRED=REUNION" tense="NONE" vform="NONE">Réunion</EVENT> du conseil municipal.
Le conseil municipal de la commune de Sancey-le-Grand se <EVENT aspect="NONE" class="OCCURRENCE" eid="e3" pos="NONE" signalID="PRED=RÉUNIR" tense="FUTURE" vform="NONE">réunira</EVENT> en salle de mairie <TIMEX3 tid="t2" type="DATE" value="2002-11-22T20:00">vendredi 22 novembre, à 20 h</TIMEX3>, pour <EVENT aspect="NONE" class="OCCURRENCE" eid="e4" pos="VERB" signalID="PRED=DÉLIBÉRER" tense="NONE" vform="INFINITIVE">délibérer</EVENT> sur les sujets suivants à l'ordre du jour : budget supplémentaire <TIMEX3 tid="t4" type="DATE" value="2002">2002</TIMEX3>, bibliothèque, <EVENT aspect="NONE" class="OCCURRENCE" eid="e7" pos="NOUN" signalID="PRED=VENTE" tense="NONE" vform="NONE">vente</EVENT> de bois, <EVENT aspect="NONE" class="OCCURRENCE" eid="e8" pos="NOUN" signalID="PRED=REGLEMENT" tense="NONE" vform="NONE">règlement</EVENT> de l'affouage, convention de location de locaux, villages fleuris, affaires diverses.
</TEXT><MAKEINSTANCE eiid="ei3" eventID="e3" /><MAKEINSTANCE eiid="ei4" eventID="e4" /><MAKEINSTANCE eiid="ei6" eventID="e6" /><MAKEINSTANCE eiid="ei7" eventID="e7" /><MAKEINSTANCE eiid="ei8" eventID="e8" /></TimeML>
