<?xml version="1.0" encoding="utf-8"?>            
<TimeML><TEXT>
<TIMEX3 functionInDocument="CREATION_TIME" tid="t1" type="DATE" value="2002-02-09" />George W. Bush est <EVENT aspect="NONE" class="OCCURRENCE" eid="e1" pos="VERB" signalID="PRED=ARRIVER" tense="PAST" vform="PASTPART">arrivé</EVENT>.
Le président George W. Bush est <EVENT aspect="NONE" class="OCCURRENCE" eid="e2" pos="VERB" signalID="PRED=ARRIVER" tense="PAST" vform="PASTPART">arrivé</EVENT> <TIMEX3 anchorTimeID="T1" temporalFunction="TRUE" tid="t2" type="DATE" value="2002-02-08" valueFromFunction="TF17">hier</TIMEX3> à Salt Lake City où il <EVENT aspect="NONE" class="MODAL" eid="e3" pos="NONE" signalID="PRED=DEVOIR" tense="IMPERFECT" vform="NONE">devait</EVENT> <EVENT aspect="NONE" class="ASPECTUAL" eid="e4" modality="OBLIGATION" pos="VERB" signalID="PRED=OUVRIR" tense="NONE" vform="INFINITIVE">ouvrir</EVENT> <SIGNAL sid="s12">dans</SIGNAL> <TIMEX3 tid="t3" type="TIME" value="2002-02-08TEV">la soirée</TIMEX3> les 19es <EVENT aspect="NONE" class="OCCURRENCE" eid="e5" pos="NOUN" signalID="PRED=JEU" tense="NONE" vform="NONE">Jeux</EVENT> Olympiques d'hiver.
Le président américain, <EVENT aspect="NONE" class="STATE" eid="e66" pos="ADJECTIVE" signalID="PRED=ACCOMPAGNER" tense="NONE" vform="NONE">accompagné</EVENT> de son épouse Laura, est <EVENT aspect="NONE" class="OCCURRENCE" eid="e6" pos="VERB" signalID="PRED=ARRIVER" tense="PAST" vform="PASTPART">arrivé</EVENT> <TIMEX3 mod="APPROX" tid="t4" type="TIME" value="2002-02-08T12:30-07">vers 12 h 30 locales</TIMEX3> (<TIMEX3 tid="t5" type="TIME" value="2002-02-08T20:30+1">20 h 30 en France</TIMEX3>) dans la ville hôte des <EVENT aspect="NONE" class="OCCURRENCE" eid="e7" pos="NOUN" signalID="PRED=JEU" tense="NONE" vform="NONE">Jeux</EVENT> d'hiver, qui <EVENT aspect="NONE" class="OCCURRENCE" eid="e8" pos="NONE" signalID="PRED=OFFRIR" tense="FUTURE" vform="NONE">offriront</EVENT> selon lui un oasis de « paix mondiale et de coopération » <SIGNAL sid="s13">en</SIGNAL> <TIMEX3 functionInDocument="NONE" temporalFunction="FALSE" tid="t12" type="DATE" value="PRESENT_REF">temps de guerre contre le terrorisme,</TIMEX3> a <EVENT aspect="NONE" class="REPORTING" eid="e10" pos="VERB" signalID="PRED=INDIQUER" tense="PAST" vform="PASTPART">indiqué</EVENT> le porte-parole de la Maison Blanche, Ari Fleischer.
SONDAGE. Le <EVENT aspect="NONE" class="OCCURRENCE" eid="e11" pos="NOUN" signalID="PRED=RENFORCEMENT" tense="NONE" vform="NONE">renforcement</EVENT> sans précédent de la sécurité a visiblement <EVENT aspect="NONE" class="OCCURRENCE" eid="e12" pos="VERB" signalID="PRED=RASSURER" tense="PAST" vform="PASTPART">rassuré</EVENT> les habitants de l'Utah puisque 63 % d'entre eux <EVENT aspect="NONE" class="I_STATE" eid="e13" pos="NONE" signalID="PRED=PENSER" tense="PRESENT" vform="NONE">pensent</EVENT> qu'une <EVENT aspect="NONE" class="OCCURRENCE" eid="e14" modality="PROBABILITY" pos="NOUN" signalID="PRED=ATTAQUE" tense="NONE" vform="NONE">attaque</EVENT> terroriste est peu <EVENT aspect="NONE" class="MODAL" eid="e68" polarity="NEG" pos="ADJECTIVE" signalID="PRED=PROBABLE" tense="PRESENT" vform="NONE">probable</EVENT> <SIGNAL sid="s2">durant</SIGNAL> les <EVENT aspect="NONE" class="OCCURRENCE" eid="e15" pos="NOUN" signalID="PRED=JEU" tense="NONE" vform="NONE">Jeux</EVENT> de Salt Lake City, selon un sondage <EVENT aspect="NONE" class="OCCURRENCE" eid="e17" pos="VERB" signalID="PRED=PARAÎTRE" tense="NONE" vform="PASTPART">paru</EVENT> <TIMEX3 anchorTimeID="T1" temporalFunction="TRUE" tid="t6" type="DATE" value="2002-02-08" valueFromFunction="TF17">hier</TIMEX3> dans le quotidien local Deseret News.
Cette <EVENT aspect="NONE" class="OCCURRENCE" eid="e18" pos="NOUN" signalID="PRED=ENQUÊTE" tense="NONE" vform="NONE">enquête</EVENT>, basée sur les <EVENT aspect="NONE" class="REPORTING" eid="e19" pos="NOUN" signalID="PRED=RÉPONSE" tense="NONE" vform="NONE">réponses</EVENT> de 408 sondés, <EVENT aspect="NONE" class="OCCURRENCE" eid="e20" pos="NONE" signalID="PRED=MONTRER" tense="PRESENT" vform="NONE">montre</EVENT> une <EVENT aspect="NONE" class="OCCURRENCE" eid="e21" pos="NOUN" signalID="PRED=AUGMENTATION" tense="NONE" vform="NONE">augmentation</EVENT> sensible par rapport à celle du <TIMEX3 anchorTimeID="T1" temporalFunction="TRUE" tid="t7" type="DATE" value="2001-09-26" valueFromFunction="TF7">26 septembre dernier</TIMEX3> <SIGNAL sid="s3">lorsque</SIGNAL> 59 % de la population <EVENT aspect="NONE" class="I_STATE" eid="e22" pos="NONE" signalID="PRED=CRAINDRE" tense="IMPERFECT" vform="NONE">craignaient</EVENT> une <EVENT aspect="NONE" class="MODAL" eid="e70" pos="ADJECTIVE" signalID="PRED=POSSIBLE" tense="NONE" vform="NONE">possible</EVENT> <EVENT aspect="NONE" class="OCCURRENCE" eid="e23" modality="POSSIBILITY" pos="NOUN" signalID="PRED=ACTION" tense="NONE" vform="NONE">action</EVENT> terroriste.
Ce même sondage, qui possède une marge d'erreur de 6 %, <EVENT aspect="NONE" class="OCCURRENCE" eid="e26" pos="NONE" signalID="PRED=RÉVÉLER" tense="PRESENT" vform="NONE">révèle</EVENT> aussi que 87 % <EVENT aspect="NONE" class="STATE" eid="e27" pos="NONE" signalID="PRED=AVOIR" tense="PRESENT" vform="NONE">ont</EVENT> confiance dans la sécurité en place pour <EVENT aspect="NONE" class="OCCURRENCE" eid="e28" pos="VERB" signalID="PRED=GÉRER" tense="NONE" vform="INFINITIVE">gérer</EVENT> un <EVENT aspect="NONE" class="MODAL" eid="e71" pos="ADJECTIVE" signalID="PRED=ÉVENTUEL" tense="NONE" vform="NONE">éventuel</EVENT> <EVENT aspect="NONE" class="OCCURRENCE" eid="e29" modality="POSSIBILITY" pos="NOUN" signalID="PRED=COMPLOT" tense="NONE" vform="NONE">complot</EVENT> terroriste, contre 72 % <SIGNAL sid="s4">en</SIGNAL> <TIMEX3 anchorTimeID="T1" temporalFunction="TRUE" tid="t8" type="DATE" value="2001-09" valueFromFunction="TF10">septembre dernier</TIMEX3>.
TOURISME. Les <EVENT aspect="NONE" class="OCCURRENCE" eid="e30" pos="NOUN" signalID="PRED=ATTENTAT" tense="NONE" vform="NONE">attentats</EVENT> du <TIMEX3 tid="t9" type="DATE" value="2001-09-11">11 septembre</TIMEX3> ont <EVENT aspect="NONE" class="OCCURRENCE" eid="e31" pos="VERB" signalID="PRED=METTRE" tense="PAST" vform="PASTPART">mis</EVENT> un <EVENT aspect="NONE" class="OCCURRENCE" eid="e32" pos="NOUN" signalID="PRED=COUP" tense="NONE" vform="NONE">coup</EVENT> de frein au tourisme aux Etats-Unis. Mais les autorités <EVENT aspect="NONE" class="I_STATE" eid="e33" pos="NONE" signalID="PRED=ESPÉRER" tense="PRESENT" vform="NONE">espèrent</EVENT> que les <EVENT aspect="NONE" class="OCCURRENCE" eid="e34" pos="NOUN" signalID="PRED=JEU" tense="NONE" vform="NONE">Jeux</EVENT> Olympiques d'hiver dans l'Utah <EVENT aspect="NONE" class="OCCURRENCE" eid="e35" pos="NONE" signalID="PRED=MONTRER" tense="PRESENT" vform="NONE">montrent</EVENT> une vitrine pour « <EVENT aspect="NONE" class="OCCURRENCE" eid="e36" pos="VERB" signalID="PRED=REVITALISER" tense="NONE" vform="INFINITIVE">revitaliser</EVENT> » l'activité touristique, notamment dans l'ouest, a <EVENT aspect="NONE" class="REPORTING" eid="e37" pos="VERB" signalID="PRED=INDIQUER" tense="PAST" vform="PASTPART">indiqué</EVENT> <TIMEX3 tid="t10" type="DATE" value="2002-02-07">jeudi</TIMEX3> la secrétaire à l'Intérieur (Environnement), Gale Norton. Quelque 9 millions de personnes <EVENT aspect="NONE" class="OCCURRENCE" eid="e38" pos="NONE" signalID="PRED=VISITER" tense="PRESENT" vform="NONE">visitent</EVENT> <TIMEX3 quant="EVERY" tid="t11" type="SET" value="P1Y">chaque année</TIMEX3> les parcs nationaux dans l'Utah, parmi les plus connus aux Etats-Unis.
POSTE. En raison de la sécurité maximum en place à Salt Lake City, la poste américaine ne <EVENT aspect="NONE" class="OCCURRENCE" eid="e39" polarity="NEG" pos="NONE" signalID="PRED=RAMASSER" tense="FUTURE" vform="NONE">ramassera</EVENT> plus le courrier qui ne sera pas <EVENT aspect="NONE" class="OCCURRENCE" eid="e40" polarity="NEG" pos="VERB" signalID="PRED=DÉPOSER" tense="FUTURE" vform="PASTPART">déposé</EVENT> dans les énormes boîtes <EVENT aspect="NONE" class="STATE" eid="e41" pos="ADJECTIVE" signalID="PRED=DISPOSER" tense="NONE" vform="NONE">disposées</EVENT> dans les rues. Le problème est que le nombre de ces boîtes a été <EVENT aspect="NONE" class="OCCURRENCE" eid="e43" pos="VERB" signalID="PRED=RÉDUIRE" tense="PAST" vform="PASTPART">réduit</EVENT> dans le centre-ville, à la <EVENT aspect="NONE" class="I_ACTION" eid="e44" pos="NOUN" signalID="PRED=DEMANDE" tense="NONE" vform="NONE">demande</EVENT> des services de sécurité olympiques. Que <EVENT aspect="NONE" class="OCCURRENCE" eid="e46" pos="VERB" signalID="PRED=FAIRE" tense="NONE" vform="INFINITIVE">faire</EVENT> donc <SIGNAL sid="s11">quand</SIGNAL> tout est <EVENT aspect="NONE" class="STATE" eid="e74" pos="ADJECTIVE" signalID="PRED=PLEIN" tense="NONE" vform="NONE">plein</EVENT> ? « Allez en <EVENT aspect="NONE" class="OCCURRENCE" eid="e47" pos="VERB" signalID="PRED=TROUVER" tense="NONE" vform="INFINITIVE">trouver</EVENT> une autre », <EVENT aspect="NONE" class="I_ACTION" eid="e48" pos="NONE" signalID="PRED=CONSEILLER" tense="PRESENT" vform="NONE">conseille</EVENT> la Poste.
FRAYEURS. En route pour Salt Lake City, le patineur de vitesse néerlandais Rintje Ritsma s'est <EVENT aspect="NONE" class="OCCURRENCE" eid="e49" pos="VERB" signalID="PRED=FAIRE" tense="PAST" vform="PASTPART">fait</EVENT> des frayeurs <SIGNAL sid="s7">lors de</SIGNAL> l'<EVENT aspect="NONE" class="OCCURRENCE" eid="e73" pos="NOUN" signalID="PRED=ESCALE" tense="NONE" vform="NONE">escale</EVENT> à Calgary (Canada). <EVENT aspect="NONE" class="STATE" eid="e50" pos="VERB" signalID="PRED=INSTALLER" tense="NONE" vform="PASTPART">Installé</EVENT> dans l'avion, il a <EVENT aspect="NONE" class="PERCEPTION" eid="e51" pos="VERB" signalID="PRED=VOIR" tense="PAST" vform="PASTPART">vu</EVENT> par le hublot que ses bagages étaient <EVENT aspect="PERFECTIVE" class="STATE" eid="e52" pos="VERB" signalID="PRED=RESTER" tense="PAST" vform="PASTPART">restés</EVENT> au sol. Le champion a <EVENT aspect="NONE" class="OCCURRENCE" eid="e53" pos="VERB" signalID="PRED=PIQUER" tense="PAST" vform="PASTPART">piqué</EVENT> un <EVENT aspect="NONE" class="OCCURRENCE" eid="e54" pos="NOUN" signalID="PRED=SPRINT" tense="NONE" vform="NONE">sprint</EVENT> vers les hôtesses et a <EVENT aspect="NONE" class="I_ACTION" eid="e55" pos="VERB" signalID="PRED=RÉUSSIR" tense="PAST" vform="PASTPART">réussi</EVENT> à <EVENT aspect="NONE" class="CAUSE" eid="e56" pos="VERB" signalID="PRED=FAIRE" tense="NONE" vform="INFINITIVE">faire</EVENT> <EVENT aspect="NONE" class="OCCURRENCE" eid="e57" pos="VERB" signalID="PRED=STOPPER" tense="NONE" vform="INFINITIVE">stopper</EVENT> l'appareil. « Il me <EVENT aspect="NONE" class="STATE" eid="e58" pos="NONE" signalID="PRED=MANQUER" tense="PRESENT" vform="NONE">manque</EVENT> encore une valise, mais elle ne <EVENT aspect="NONE" class="STATE" eid="e59" polarity="POS" pos="NONE" signalID="PRED=CONTENIR" tense="PRESENT" vform="NONE">contient</EVENT> que quelques vêtements. ce n'est donc pas urgent », a <EVENT aspect="NONE" class="REPORTING" eid="e60" pos="VERB" signalID="PRED=COMMENTER" tense="PAST" vform="PASTPART">commenté</EVENT> Ritsma, <SIGNAL sid="s9">à</SIGNAL> son <EVENT aspect="NONE" class="OCCURRENCE" eid="e61" pos="NOUN" signalID="PRED=ARRIVÉE" tense="NONE" vform="NONE">arrivée</EVENT> dans l'Utah.
STATS. Les Américains étant des fous de statistiques, rien d'étonnant qu'ils <EVENT aspect="NONE" class="REPORTING" eid="e63" pos="NONE" signalID="PRED=ANNONCER" tense="PRESENT" vform="NONE">annoncent</EVENT> au mètre près la longueur de papier toilette qui sera <EVENT aspect="NONE" class="STATE" eid="e64" pos="ADJECTIVE" signalID="PRED=UTILISER" tense="FUTURE" vform="NONE">utilisée</EVENT> au Village olympique <SIGNAL sid="s10">durant</SIGNAL> les <EVENT aspect="NONE" class="OCCURRENCE" eid="e65" pos="NOUN" signalID="PRED=JEU" tense="NONE" vform="NONE">Jeux</EVENT>. Réponse : 1.761.138 m.
</TEXT><MAKEINSTANCE eiid="ei1" eventID="e1" /><MAKEINSTANCE eiid="ei2" eventID="e2" /><MAKEINSTANCE eiid="ei3" eventID="e3" /><MAKEINSTANCE eiid="ei4" eventID="e4" /><MAKEINSTANCE eiid="ei5" eventID="e5" /><MAKEINSTANCE eiid="ei6" eventID="e6" /><MAKEINSTANCE eiid="ei7" eventID="e7" /><MAKEINSTANCE eiid="ei8" eventID="e8" /><MAKEINSTANCE eiid="ei10" eventID="e10" /><MAKEINSTANCE eiid="ei11" eventID="e11" /><MAKEINSTANCE eiid="ei12" eventID="e12" /><MAKEINSTANCE eiid="ei13" eventID="e13" /><MAKEINSTANCE eiid="ei14" eventID="e14" /><MAKEINSTANCE eiid="ei15" eventID="e15" /><MAKEINSTANCE eiid="ei17" eventID="e17" /><MAKEINSTANCE eiid="ei18" eventID="e18" /><MAKEINSTANCE eiid="ei19" eventID="e19" /><MAKEINSTANCE eiid="ei20" eventID="e20" /><MAKEINSTANCE eiid="ei21" eventID="e21" /><MAKEINSTANCE eiid="ei22" eventID="e22" /><MAKEINSTANCE eiid="ei23" eventID="e23" /><MAKEINSTANCE eiid="ei26" eventID="e26" /><MAKEINSTANCE eiid="ei27" eventID="e27" /><MAKEINSTANCE eiid="ei28" eventID="e28" /><MAKEINSTANCE eiid="ei29" eventID="e29" /><MAKEINSTANCE eiid="ei30" eventID="e30" /><MAKEINSTANCE eiid="ei31" eventID="e31" /><MAKEINSTANCE eiid="ei32" eventID="e32" /><MAKEINSTANCE eiid="ei33" eventID="e33" /><MAKEINSTANCE eiid="ei34" eventID="e34" /><MAKEINSTANCE eiid="ei35" eventID="e35" /><MAKEINSTANCE eiid="ei36" eventID="e36" /><MAKEINSTANCE eiid="ei37" eventID="e37" /><MAKEINSTANCE eiid="ei38" eventID="e38" /><MAKEINSTANCE eiid="ei39" eventID="e39" /><MAKEINSTANCE eiid="ei40" eventID="e40" /><MAKEINSTANCE eiid="ei41" eventID="e41" /><MAKEINSTANCE eiid="ei43" eventID="e43" /><MAKEINSTANCE eiid="ei44" eventID="e44" /><MAKEINSTANCE eiid="ei46" eventID="e46" /><MAKEINSTANCE eiid="ei47" eventID="e47" /><MAKEINSTANCE eiid="ei48" eventID="e48" /><MAKEINSTANCE eiid="ei49" eventID="e49" /><MAKEINSTANCE eiid="ei50" eventID="e50" /><MAKEINSTANCE eiid="ei51" eventID="e51" /><MAKEINSTANCE eiid="ei52" eventID="e52" /><MAKEINSTANCE eiid="ei53" eventID="e53" /><MAKEINSTANCE eiid="ei54" eventID="e54" /><MAKEINSTANCE eiid="ei55" eventID="e55" /><MAKEINSTANCE eiid="ei56" eventID="e56" /><MAKEINSTANCE eiid="ei57" eventID="e57" /><MAKEINSTANCE eiid="ei58" eventID="e58" /><MAKEINSTANCE eiid="ei59" eventID="e59" /><MAKEINSTANCE eiid="ei60" eventID="e60" /><MAKEINSTANCE eiid="ei61" eventID="e61" /><MAKEINSTANCE eiid="ei63" eventID="e63" /><MAKEINSTANCE eiid="ei64" eventID="e64" /><MAKEINSTANCE eiid="ei65" eventID="e65" /><MAKEINSTANCE eiid="ei66" eventID="e66" /><MAKEINSTANCE eiid="ei68" eventID="e68" /><MAKEINSTANCE eiid="ei70" eventID="e70" /><MAKEINSTANCE eiid="ei71" eventID="e71" /><MAKEINSTANCE eiid="ei73" eventID="e73" /><MAKEINSTANCE eiid="ei74" eventID="e74" /></TimeML>
