<?xml version="1.0" encoding="utf-8"?>            
<TimeML><TEXT>
<TIMEX3 functionInDocument="CREATION_TIME" tid="t1" type="DATE" value="2002-09-22" />Malentendu et excuses.
Edmund Stoiber a ainsi <EVENT aspect="NONE" class="REPORTING" eid="e1" pos="VERB" signalID="PRED=DÉCLARER" tense="PAST" vform="PASTPART">déclaré</EVENT> <TIMEX3 temporalFunction="TRUE" tid="t2" type="DATE" value="2002-09-18">mercredi</TIMEX3> qu'il n'<EVENT aspect="NONE" class="I_ACTION" eid="e2" polarity="NEG" pos="NONE" signalID="MOOD=CONDITIONAL, PRED=AUTORISER" tense="PRESENT" vform="NONE">autoriserait</EVENT> pas, s'il était <EVENT aspect="NONE" class="STATE" eid="e3" pos="ADJECTIVE" signalID="PRED=ÉLIRE, TENSE=IMPERFECT" tense="PAST" vform="NONE">élu</EVENT>, l'<EVENT aspect="NONE" class="OCCURRENCE" eid="e4" pos="NOUN" signalID="PRED=USAGE" tense="NONE" vform="NONE">usage</EVENT> des bases américaines en Allemagne pour une <EVENT aspect="NONE" class="OCCURRENCE" eid="e5" pos="NOUN" signalID="PRED=ATTAQUE" tense="NONE" vform="NONE">attaque</EVENT> unilatérale des Etats-Unis en Irak. Son conseiller de campagne s'est <EVENT aspect="NONE" class="I_ACTION" eid="e6" pos="VERB" signalID="PRED=EMPRESSER" tense="PAST" vform="PASTPART">empressé</EVENT> d'<EVENT aspect="NONE" class="OCCURRENCE" eid="e7" pos="VERB" signalID="PRED=ÉVOQUER" tense="NONE" vform="INFINITIVE">évoquer</EVENT> un « <EVENT aspect="NONE" class="OCCURRENCE" eid="e8" pos="NOUN" signalID="PRED=MALENTENDU" tense="NONE" vform="NONE">malentendu</EVENT> ».
Quant à la ministre social-démocrate de la Justice, Herta Daeubler-Gmelin, elle a <EVENT aspect="NONE" class="CAUSE" eid="e9" pos="VERB" signalID="PRED=PROVOQUER" tense="PAST" vform="PASTPART">provoqué</EVENT> une belle <EVENT aspect="NONE" class="OCCURRENCE" eid="e10" pos="NOUN" signalID="PRED=POLÉMIQUE" tense="NONE" vform="NONE">polémique</EVENT> en <EVENT aspect="NONE" class="OCCURRENCE" eid="e66" pos="VERB" signalID="PRED=COMPARER, NF_MORPH=GERUNDIVE" tense="NONE" vform="PRESPART">comparant</EVENT>, selon un journal local, les méthodes du président américain George W. Bush à celles du dictateur nazi Adolf Hitler : le <EVENT aspect="NONE" class="OCCURRENCE" eid="e11" pos="NOUN" signalID="PRED=RECOURS" tense="NONE" vform="NONE">recours</EVENT> à la <EVENT aspect="NONE" class="OCCURRENCE" eid="e12" pos="NOUN" signalID="PRED=GUERRE" tense="NONE" vform="NONE">guerre</EVENT> face aux problèmes de politique intérieure. Elle a <EVENT aspect="NONE" class="ASPECTUAL" eid="e14" pos="VERB" signalID="PRED=FINIR" tense="PAST" vform="PASTPART">fini</EVENT> par <EVENT aspect="NONE" class="I_ACTION" eid="e15" pos="VERB" signalID="PRED=DÉMENTIR" tense="NONE" vform="INFINITIVE">démentir</EVENT> avoir <EVENT aspect="PERFECTIVE" class="EVENT_CONTAINER" eid="e16" pos="VERB" signalID="PRED=TENIR" tense="PRESENT" vform="INFINITIVE">tenu</EVENT> ces propos, <SIGNAL sid="s8">au bout de</SIGNAL> <TIMEX3 tid="t3" type="DURATION" value="P2D">deux jours</TIMEX3> et <SIGNAL sid="s2">après</SIGNAL> avoir <EVENT aspect="PERFECTIVE" class="CAUSE" eid="e17" pos="VERB" signalID="PRED=PROVOQUER" tense="PRESENT" vform="INFINITIVE">provoqué</EVENT> l'ire publique de Washington. Et Gerhard Schröder s'est <EVENT aspect="NONE" class="OCCURRENCE" eid="e18" pos="VERB" signalID="PRED=FENDRE" tense="PAST" vform="PASTPART">fendu</EVENT> d'une lettre à George W. Bush.
Ce n'est pas un hasard <SIGNAL sid="s3">si</SIGNAL> ces <EVENT aspect="NONE" class="OCCURRENCE" eid="e19" pos="NOUN" signalID="PRED=DÉRAPAGE" tense="NONE" vform="NONE">dérapages</EVENT> ont <EVENT aspect="NONE" class="OCCURRENCE" eid="e20" pos="VERB" signalID="PRED=PORTER" tense="PAST" vform="PASTPART">porté</EVENT> sur l'Irak. C'est en <EVENT aspect="NONE" class="OCCURRENCE" eid="e21" pos="VERB" signalID="PRED=JOUER" tense="NONE" vform="GERUNDIVE">jouant</EVENT> de la peur de la <EVENT aspect="NONE" class="OCCURRENCE" eid="e22" pos="NOUN" signalID="PRED=GUERRE" tense="NONE" vform="NONE">guerre</EVENT>, profonde dans un pays traumatisé par le bellicisme nazi et les <EVENT aspect="NONE" class="OCCURRENCE" eid="e23" pos="NOUN" signalID="PRED=TENSION" tense="NONE" vform="NONE">tensions</EVENT> de la <EVENT aspect="NONE" class="OCCURRENCE" eid="e24" pos="NOUN" signalID="PRED=GUERRE" tense="NONE" vform="NONE">Guerre</EVENT> froide, que le chancelier Schröder a <EVENT aspect="NONE" class="I_ACTION" eid="e25" pos="VERB" signalID="PRED=RÉUSSIR" tense="PAST" vform="PASTPART">réussi</EVENT> à <EVENT aspect="NONE" class="OCCURRENCE" eid="e26" pos="VERB" signalID="PRED=REDONNER" tense="NONE" vform="INFINITIVE">redonner</EVENT> une chance à son camp .Il a <EVENT aspect="NONE" class="OCCURRENCE" eid="e27" pos="VERB" signalID="PRED=EXCLURE" tense="PAST" vform="PASTPART">exclu</EVENT> d'emblée toute <EVENT aspect="NONE" class="OCCURRENCE" eid="e28" pos="NOUN" signalID="PRED=PARTICIPATION" tense="NONE" vform="NONE">participation</EVENT> de son pays à une <EVENT aspect="NONE" class="OCCURRENCE" eid="e29" pos="NOUN" signalID="PRED=ATTAQUE" tense="NONE" vform="NONE">attaque</EVENT> de l'Irak, avec ou sans mandat de l'ONU.
Les <EVENT aspect="NONE" class="OCCURRENCE" eid="e30" pos="NOUN" signalID="PRED=ÉLECTION" tense="NONE" vform="NONE">élections</EVENT> législatives d'<TIMEX3 anchorTimeID="T1" temporalFunction="TRUE" tid="t4" type="DATE" value="2002-09-22" valueFromFunction="TF1">aujourd'hui</TIMEX3> en Allemagne <EVENT aspect="NONE" class="I_ACTION" eid="e31" pos="NONE" signalID="PRED=PROMETTRE" tense="PRESENT" vform="NONE">promettent</EVENT> de <EVENT aspect="NONE" class="STATE" eid="e32" pos="VERB" signalID="PRED=FIGURER" tense="NONE" vform="INFINITIVE">figurer</EVENT> parmi les plus <EVENT aspect="NONE" class="OCCURRENCE" eid="e33" pos="ADJECTIVE" signalID="PRED=SERRER" tense="NONE" vform="NONE">serrées</EVENT> de <TIMEX3 functionInDocument="NONE" mod="AFTER" temporalFunction="FALSE" tid="t7" type="DATE" value="1945">l'après-guerre</TIMEX3> : ni les sociaux-démocrates du chancelier Gerhard Schröder ni les conservateurs d'Edmund Stoiber ne <EVENT aspect="NONE" class="STATE" eid="e34" polarity="NEG" pos="NONE" signalID="PRED=DISPOSER" tense="PRESENT" vform="NONE">disposent</EVENT> d'une claire majorité, selon les sondages.
<SIGNAL sid="s9">A l'issue d'</SIGNAL>une <EVENT aspect="NONE" class="OCCURRENCE" eid="e37" pos="NOUN" signalID="PRED=CAMPAGNE" tense="NONE" vform="NONE">campagne</EVENT> riche en rebondissements, Gerhard Schröder <EVENT aspect="NONE" class="ASPECTUAL" eid="e38" pos="NONE" signalID="PRED=RESTER" tense="PRESENT" vform="NONE">reste</EVENT> de très loin le plus populaire des candidats, face à un rival très <EVENT aspect="NONE" class="OCCURRENCE" eid="e39" pos="VERB" signalID="PRED=CRISPER" tense="NONE" vform="PASTPART">crispé</EVENT> : la tête de liste de la démocratie-chrétienne (CDU/CSU), le chef du gouvernement régional de Bavière Edmund Stoiber, n'a pas <EVENT aspect="NONE" class="I_STATE" eid="e41" polarity="NEG" pos="VERB" signalID="PRED=SAVOIR" tense="PAST" vform="PASTPART">su</EVENT> <EVENT aspect="NONE" class="OCCURRENCE" eid="e42" pos="VERB" signalID="PRED=" tense="NONE" vform="INFINITIVE">convaincre</EVENT> qu'il avait l'envergure d'un chancelier.
Mais ce sont les députés du Bundestag que les 61,2 millions d'électeurs allemands vont <EVENT aspect="NONE" class="OCCURRENCE" eid="e45" pos="VERB" signalID="PRED=CHOISIR, ASPECT=PROSPECTIVE" tense="NONE" vform="INFINITIVE">choisir</EVENT> <TIMEX3 anchorTimeID="T1" temporalFunction="TRUE" tid="t5" type="DATE" value="2002-09-22" valueFromFunction="TF1">aujourd'hui</TIMEX3>. <TIMEX3 tid="t6" type="DATE" value="FUTURE_REF">Le futur</TIMEX3> chancelier sera <EVENT aspect="NONE" class="OCCURRENCE" eid="e46" pos="VERB" signalID="PRED=ÉLIRE" tense="FUTURE" vform="PASTPART">élu</EVENT> par la nouvelle chambre. Et là, rien n'est encore <EVENT aspect="NONE" class="OCCURRENCE" eid="e47" polarity="NEG" pos="VERB" signalID="PRED=JOUER" tense="NONE" vform="PASTPART">joué</EVENT>.
Les écarts sont trop faibles pour <EVENT aspect="NONE" class="I_ACTION" eid="e49" pos="VERB" signalID="PRED=PERMETTRE" tense="NONE" vform="INFINITIVE">permettre</EVENT> toute <EVENT aspect="NONE" class="OCCURRENCE" eid="e50" pos="NOUN" signalID="PRED=PROJECTION" tense="NONE" vform="NONE">projection</EVENT>. En outre, la fine arithmétique électorale <EVENT aspect="NONE" class="OCCURRENCE" eid="e51" pos="NONE" signalID="PRED=DÉPENDRE" tense="PRESENT" vform="NONE">dépend</EVENT> du <EVENT aspect="NONE" class="OCCURRENCE" eid="e52" pos="NOUN" signalID="PRED=RETOUR" tense="NONE" vform="NONE">retour</EVENT> ou non au Parlement des néocommunistes du PDS, héritiers du Parti communiste au pouvoir dans l'ex-RDA. <SIGNAL sid="s7">Si</SIGNAL> le PDS <EVENT aspect="NONE" class="OCCURRENCE" eid="e54" pos="NONE" signalID="PRED=DISPARAÎTRE" tense="PRESENT" vform="NONE">disparaît</EVENT> du paysage politique fédéral, ses sièges seraient <EVENT aspect="NONE" class="STATE" eid="e56" pos="VERB" signalID="MOOD=CONDITIONAL, PRED=REDISTRIBUER" tense="NONE" vform="PASTPART">redistribués</EVENT> à la proportionnelle aux partis <EVENT aspect="NONE" class="OCCURRENCE" eid="e57" pos="VERB" signalID="PRED=REPRÉSENTER" tense="NONE" vform="PASTPART">représentés</EVENT>, avec une prime au vainqueur. De quoi <EVENT aspect="NONE" class="OCCURRENCE" eid="e58" pos="VERB" signalID="PRED=FAIRE" tense="NONE" vform="INFINITIVE">faire</EVENT> <EVENT aspect="NONE" class="OCCURRENCE" eid="e59" pos="VERB" signalID="PRED=PESER" tense="NONE" vform="INFINITIVE">peser</EVENT> une vraie incertitude sur l'issue du <EVENT aspect="NONE" class="OCCURRENCE" eid="e61" pos="NOUN" signalID="PRED=SCRUTIN" tense="NONE" vform="NONE">scrutin</EVENT> et <EVENT aspect="NONE" class="OCCURRENCE" eid="e62" pos="VERB" signalID="PRED=METTRE" tense="NONE" vform="INFINITIVE">mettre</EVENT> les nerfs à vif. Deux <EVENT aspect="NONE" class="OCCURRENCE" eid="e63" pos="NOUN" signalID="PRED=GAFFE" tense="NONE" vform="NONE">gaffes</EVENT> récentes <EVENT aspect="NONE" class="OCCURRENCE" eid="e64" pos="NONE" signalID="PRED=TÉMOIGNER" tense="PRESENT" vform="NONE">témoignent</EVENT> de cette <EVENT aspect="NONE" class="OCCURRENCE" eid="e65" pos="NOUN" signalID="PRED=TENSION" tense="NONE" vform="NONE">tension</EVENT>.
</TEXT><MAKEINSTANCE eiid="ei1" eventID="e1" /><MAKEINSTANCE eiid="ei2" eventID="e2" /><MAKEINSTANCE eiid="ei3" eventID="e3" /><MAKEINSTANCE eiid="ei4" eventID="e4" /><MAKEINSTANCE eiid="ei5" eventID="e5" /><MAKEINSTANCE eiid="ei6" eventID="e6" /><MAKEINSTANCE eiid="ei7" eventID="e7" /><MAKEINSTANCE eiid="ei8" eventID="e8" /><MAKEINSTANCE eiid="ei9" eventID="e9" /><MAKEINSTANCE eiid="ei10" eventID="e10" /><MAKEINSTANCE eiid="ei11" eventID="e11" /><MAKEINSTANCE eiid="ei12" eventID="e12" /><MAKEINSTANCE eiid="ei14" eventID="e14" /><MAKEINSTANCE eiid="ei15" eventID="e15" /><MAKEINSTANCE eiid="ei16" eventID="e16" /><MAKEINSTANCE eiid="ei17" eventID="e17" /><MAKEINSTANCE eiid="ei18" eventID="e18" /><MAKEINSTANCE eiid="ei19" eventID="e19" /><MAKEINSTANCE eiid="ei20" eventID="e20" /><MAKEINSTANCE eiid="ei21" eventID="e21" /><MAKEINSTANCE eiid="ei22" eventID="e22" /><MAKEINSTANCE eiid="ei23" eventID="e23" /><MAKEINSTANCE eiid="ei24" eventID="e24" /><MAKEINSTANCE eiid="ei25" eventID="e25" /><MAKEINSTANCE eiid="ei26" eventID="e26" /><MAKEINSTANCE eiid="ei27" eventID="e27" /><MAKEINSTANCE eiid="ei28" eventID="e28" /><MAKEINSTANCE eiid="ei29" eventID="e29" /><MAKEINSTANCE eiid="ei30" eventID="e30" /><MAKEINSTANCE eiid="ei31" eventID="e31" /><MAKEINSTANCE eiid="ei32" eventID="e32" /><MAKEINSTANCE eiid="ei33" eventID="e33" /><MAKEINSTANCE eiid="ei34" eventID="e34" /><MAKEINSTANCE eiid="ei37" eventID="e37" /><MAKEINSTANCE eiid="ei38" eventID="e38" /><MAKEINSTANCE eiid="ei39" eventID="e39" /><MAKEINSTANCE eiid="ei41" eventID="e41" /><MAKEINSTANCE eiid="ei42" eventID="e42" /><MAKEINSTANCE eiid="ei45" eventID="e45" /><MAKEINSTANCE eiid="ei46" eventID="e46" /><MAKEINSTANCE eiid="ei47" eventID="e47" /><MAKEINSTANCE eiid="ei49" eventID="e49" /><MAKEINSTANCE eiid="ei50" eventID="e50" /><MAKEINSTANCE eiid="ei51" eventID="e51" /><MAKEINSTANCE eiid="ei52" eventID="e52" /><MAKEINSTANCE eiid="ei54" eventID="e54" /><MAKEINSTANCE eiid="ei56" eventID="e56" /><MAKEINSTANCE eiid="ei57" eventID="e57" /><MAKEINSTANCE eiid="ei58" eventID="e58" /><MAKEINSTANCE eiid="ei59" eventID="e59" /><MAKEINSTANCE eiid="ei61" eventID="e61" /><MAKEINSTANCE eiid="ei62" eventID="e62" /><MAKEINSTANCE eiid="ei63" eventID="e63" /><MAKEINSTANCE eiid="ei64" eventID="e64" /><MAKEINSTANCE eiid="ei65" eventID="e65" /><MAKEINSTANCE eiid="ei66" eventID="e66" /></TimeML>
