<?xml version="1.0" encoding="utf-8"?>            
<TimeML><TEXT>
<SIGNAL sid="s1"><TIMEX3 functionInDocument="CREATION_TIME" tid="t1" type="DATE" value="2002-01-21" />Pendant</SIGNAL> <TIMEX3 beginPoint="T3" tid="t2" type="DURATION" value="P1W">une semaine</TIMEX3> <SIGNAL sid="s2">à partir de</SIGNAL> <TIMEX3 anchorTimeID="T1" temporalFunction="TRUE" tid="t3" type="DATE" value="2002-01-21TMO" valueFromFunction="TF5">ce matin</TIMEX3>, le tribunal de Poitiers va <EVENT aspect="NONE" class="I_ACTION" eid="e2" pos="VERB" signalID="PRED=TENTER, ASPECT=PROSPECTIVE" tense="NONE" vform="INFINITIVE">tenter</EVENT> de <EVENT aspect="NONE" class="OCCURRENCE" eid="e3" pos="VERB" signalID="PRED=DÉMÊLER" tense="NONE" vform="INFINITIVE">démêler</EVENT> les responsabilités dans le gigantesque <EVENT aspect="NONE" class="OCCURRENCE" eid="e4" pos="NOUN" signalID="PRED=CARAMBOLAGE" tense="NONE" vform="NONE">carambolage</EVENT> <EVENT aspect="NONE" class="TEMPORAL" eid="e5" pos="VERB" signalID="PRED=SUIVRE" tense="NONE" vform="PASTPART">suivi</EVENT> d'<EVENT aspect="NONE" class="OCCURRENCE" eid="e12" pos="NOUN" signalID="PRED=INCENDIE" tense="NONE" vform="NONE">incendies</EVENT> des véhicules, qui <TIMEX3 tid="t4" type="DATE" value="1993-11-10">le 10 novembre 93</TIMEX3>, sur l'A 10 près de Bordeaux, avait <EVENT aspect="PERFECTIVE" class="CAUSE" eid="e6" pos="VERB" signalID="PRED=CAUSER" tense="PAST" vform="PASTPART">causé</EVENT> la <EVENT aspect="NONE" class="OCCURRENCE" eid="e7" pos="NOUN" signalID="PRED=MORT" tense="NONE" vform="NONE">mort</EVENT> de 15 personnes et <EVENT aspect="PERFECTIVE" class="OCCURRENCE" eid="e8" pos="VERB" signalID="PRED=BLESSER" tense="PAST" vform="PASTPART">blessé</EVENT> 53 autres. 80 parties civiles sont <EVENT aspect="NONE" class="STATE" eid="e10" pos="ADJECTIVE" signalID="PRED=REPRÉSENTER" tense="PRESENT" vform="NONE">représentées</EVENT> alors que 17 automobilistes et deux chauffeurs routiers sont <EVENT aspect="NONE" class="STATE" eid="e11" pos="ADJECTIVE" signalID="PRED=POURSUIVRE" tense="PRESENT" vform="NONE">poursuivis</EVENT>.
</TEXT><MAKEINSTANCE eiid="ei2" eventID="e2" /><MAKEINSTANCE eiid="ei3" eventID="e3" /><MAKEINSTANCE eiid="ei4" eventID="e4" /><MAKEINSTANCE eiid="ei5" eventID="e5" /><MAKEINSTANCE eiid="ei6" eventID="e6" /><MAKEINSTANCE eiid="ei7" eventID="e7" /><MAKEINSTANCE eiid="ei8" eventID="e8" /><MAKEINSTANCE eiid="ei10" eventID="e10" /><MAKEINSTANCE eiid="ei11" eventID="e11" /><MAKEINSTANCE eiid="ei12" eventID="e12" /></TimeML>
