<?xml version="1.0" encoding="utf-8"?>            
<TimeML><TEXT>
<TIMEX3 functionInDocument="CREATION_TIME" tid="t1" type="DATE" value="2002-09-29" />Carnet blanc Williams et Stéphanie..
Williams Murray, chef cuisinier sur une plate-forme pétrolière en Ecosse et Stéphanie Bahof, professeur de français et de langue étrangère à l'école de langues au Luxembourg, ont été <EVENT aspect="NONE" class="OCCURRENCE" eid="e1" pos="VERB" signalID="PRED=UNIR" tense="PAST" vform="PASTPART">unis</EVENT> par les liens du mariage.
La <EVENT aspect="NONE" class="OCCURRENCE" eid="e3" pos="NOUN" signalID="PRED=CÉRÉMONIE" tense="NONE" vform="NONE">cérémonie</EVENT> a <EVENT aspect="NONE" class="EVENT_CONTAINER" eid="e4" pos="VERB" signalID="PRED=AVOIR" tense="PAST" vform="PASTPART">eu</EVENT> lieu à Rotorua, en Nouvelle-Zélande, <TIMEX3 tid="t2" type="DATE" value="2002-08-28">le 28 août</TIMEX3>. Stéphanie est la fille de Jean-Luc, 1er adjoint de la commune et de Marylène, conseillère municipale.
Nos <EVENT aspect="NONE" class="I_STATE" eid="e5" pos="NOUN" signalID="PRED=VOEU" tense="NONE" vform="NONE">vœux</EVENT> de <EVENT aspect="NONE" class="STATE" eid="e6" pos="NOUN" signalID="PRED=BONHEUR" tense="NONE" vform="NONE">bonheur</EVENT>.
</TEXT><MAKEINSTANCE eiid="ei1" eventID="e1" /><MAKEINSTANCE eiid="ei3" eventID="e3" /><MAKEINSTANCE eiid="ei4" eventID="e4" /><MAKEINSTANCE eiid="ei5" eventID="e5" /><MAKEINSTANCE eiid="ei6" eventID="e6" /></TimeML>
