<?xml version="1.0" encoding="utf-8"?>            
<TimeML><TEXT>
<TIMEX3 functionInDocument="CREATION_TIME" tid="t1" type="DATE" value="2002-04-21" />Le plus urgent c'est l'<EVENT aspect="NONE" class="OCCURRENCE" eid="e1" pos="NOUN" signalID="PRED=ENVOYER" tense="NONE" vform="NONE">envoie</EVENT> des secours pour <EVENT aspect="NONE" class="OCCURRENCE" eid="e3" pos="VERB" signalID="PRED=FAIRE" tense="NONE" vform="INFINITIVE">faire</EVENT> face «à une terrible <EVENT aspect="NONE" class="STATE" eid="e12" pos="NOUN" signalID="PRED=SITUATION" tense="NONE" vform="NONE">situation</EVENT> humanitaire», a <EVENT aspect="NONE" class="REPORTING" eid="e4" pos="VERB" signalID="PRED=DÉCLARER" tense="PAST" vform="PASTPART">déclaré</EVENT> <TIMEX3 anchorTimeID="T1" temporalFunction="TRUE" tid="t2" type="DATE" value="2002-04-20" valueFromFunction="TF17">hier</TIMEX3> Kofi Annan, <SIGNAL sid="s1">après</SIGNAL> le <EVENT aspect="NONE" class="OCCURRENCE" eid="e5" pos="NOUN" signalID="PRED=VOTE" tense="NONE" vform="NONE">vote</EVENT> de la résolution 1405 de l'ONU. En <EVENT aspect="NONE" class="STATE" eid="e13" pos="NONE" signalID="VFORM=GERUNDIVE" tense="NONE" vform="NONE">attendant</EVENT> la <EVENT aspect="NONE" class="OCCURRENCE" eid="e14" pos="NOUN" signalID="PRED=COMMISSION" tense="NONE" vform="NONE">commission</EVENT> d'enquête que finalement Bush n'a pas <EVENT aspect="NONE" class="OCCURRENCE" eid="e9" polarity="NEG" pos="VERB" signalID="PRED=BLOQUER" tense="PAST" vform="PASTPART">bloquée</EVENT>, le secrétaire d'Etat américain William Burn, <TIMEX3 anchorTimeID="T1" temporalFunction="TRUE" tid="t4" type="DATE" value="2002-04-20" valueFromFunction="TF17">hier</TIMEX3> sur place, <EVENT aspect="NONE" class="I_ACTION" eid="e10" pos="NONE" signalID="PRED=RECONNAÎTRE" tense="IMPERFECT" vform="NONE">reconnaissait</EVENT> déjà « une <EVENT aspect="NONE" class="OCCURRENCE" eid="e11" pos="NOUN" signalID="PRED=TRAGÉDIE" tense="NONE" vform="NONE">tragédie</EVENT> humaine pour des milliers d'innocents ».
</TEXT><MAKEINSTANCE eiid="ei1" eventID="e1" /><MAKEINSTANCE eiid="ei3" eventID="e3" /><MAKEINSTANCE eiid="ei4" eventID="e4" /><MAKEINSTANCE eiid="ei5" eventID="e5" /><MAKEINSTANCE eiid="ei9" eventID="e9" /><MAKEINSTANCE eiid="ei10" eventID="e10" /><MAKEINSTANCE eiid="ei11" eventID="e11" /><MAKEINSTANCE eiid="ei12" eventID="e12" /><MAKEINSTANCE eiid="ei13" eventID="e13" /><MAKEINSTANCE eiid="ei14" eventID="e14" /></TimeML>
