<?xml version="1.0" encoding="utf-8"?>            
<TimeML><TEXT>
<TIMEX3 functionInDocument="CREATION_TIME" tid="t1" type="DATE" value="2003-01-21" />Rien ne <EVENT aspect="NONE" class="I_STATE" eid="e1" polarity="NEG" pos="NONE" signalID="PRED=JUSTIFIER" tense="PRESENT" vform="NONE">justifie</EVENT> <TIMEX3 temporalFunction="TRUE" tid="t2" type="DATE" value="PRESENT_REF">aujourd'hui</TIMEX3> une <EVENT aspect="NONE" class="OCCURRENCE" eid="e2" pos="NOUN" signalID="PRED=ACTION" tense="NONE" vform="NONE">action</EVENT> militaire, selon Dominique de Villepin.
Le ministre français des Affaires étrangères Dominique de Villepin a <EVENT aspect="NONE" class="REPORTING" eid="e4" pos="VERB" signalID="PRED=ESTIMER" tense="PAST" vform="PASTPART">estimé</EVENT> <TIMEX3 anchorTimeID="T1" temporalFunction="TRUE" tid="t3" type="DATE" value="2003-01-20" valueFromFunction="TF17">hier</TIMEX3> que rien que ne <EVENT aspect="NONE" class="I_STATE" eid="e5" polarity="NEG" pos="NONE" signalID="PRED=JUSTIFIER" tense="IMPERFECT" vform="NONE">justifiait</EVENT> <TIMEX3 temporalFunction="FALSE" tid="t4" type="DATE" value="PRESENT_REF">aujourd'hui</TIMEX3> une <EVENT aspect="NONE" class="OCCURRENCE" eid="e6" pos="NOUN" signalID="PRED=ACTION" tense="NONE" vform="NONE">action</EVENT> militaire contre l'Irak. « Rien ne <EVENT aspect="NONE" class="I_STATE" eid="e7" polarity="NEG" pos="NONE" signalID="PRED=JUSTIFIER" tense="PRESENT" vform="NONE">justifie</EVENT> de <EVENT aspect="NONE" class="ASPECTUAL" eid="e8" pos="VERB" signalID="PRED=ROMPRE" tense="NONE" vform="INFINITIVE">rompre</EVENT> le fil des <EVENT aspect="NONE" class="OCCURRENCE" eid="e9" pos="NOUN" signalID="PRED=INSPECTION" tense="NONE" vform="NONE">inspections</EVENT> pour <EVENT aspect="NONE" class="OCCURRENCE" eid="e10" pos="VERB" signalID="PRED=ENTRER" tense="NONE" vform="INFINITIVE">entrer</EVENT> dans le temps de la guerre et de l'incertitude », a <EVENT aspect="NONE" class="REPORTING" eid="e12" pos="VERB" signalID="PRED=AFFIRMER" tense="PAST" vform="PASTPART">affirmé</EVENT> le ministre français.
M. de Villepin a également <EVENT aspect="NONE" class="REPORTING" eid="e13" pos="VERB" signalID="PRED=SOULIGNER" tense="PAST" vform="PASTPART">souligné</EVENT>, en s'<EVENT aspect="NONE" class="OCCURRENCE" eid="e14" pos="VERB" signalID="PRED=EXPRIMER" tense="NONE" vform="GERUNDIVE">exprimant</EVENT> en anglais, que « <SIGNAL sid="s2">si</SIGNAL> la <EVENT aspect="NONE" class="OCCURRENCE" eid="e15" pos="NOUN" signalID="PRED=GUERRE" tense="NONE" vform="NONE">guerre</EVENT> est le seul moyen pour <EVENT aspect="NONE" class="ASPECTUAL" eid="e16" pos="VERB" signalID="PRED=SORTIR" tense="NONE" vform="INFINITIVE">sortir</EVENT> de cette <EVENT aspect="NONE" class="OCCURRENCE" eid="e17" pos="NOUN" signalID="PRED=CRISE" tense="NONE" vform="NONE">crise</EVENT>, <SIGNAL sid="s5">alor</SIGNAL>s nous sommes dans une <EVENT aspect="NONE" class="STATE" eid="e30" pos="NOUN" signalID="PRED=IMPASSE" tense="NONE" vform="NONE">impasse</EVENT> ».
La <EVENT aspect="NONE" class="OCCURRENCE" eid="e19" pos="NOUN" signalID="PRED=CRISE" tense="NONE" vform="NONE">crise</EVENT> en Irak « est un <EVENT aspect="NONE" class="OCCURRENCE" eid="e20" pos="NOUN" signalID="PRED=TEST" tense="NONE" vform="NONE">test</EVENT> » et « les enjeux sont énormes », a-t-il <EVENT aspect="NONE" class="REPORTING" eid="e29" pos="VERB" signalID="PRED=DÉCLARER" tense="PAST" vform="PASTPART">déclaré</EVENT> <SIGNAL sid="s3">lors d'</SIGNAL>une <EVENT aspect="NONE" class="OCCURRENCE" eid="e22" pos="NOUN" signalID="PRED=CONFÉRENCE" tense="NONE" vform="NONE">conférence</EVENT> de presse <SIGNAL sid="s4">à l'issue d'</SIGNAL>une <EVENT aspect="NONE" class="OCCURRENCE" eid="e24" pos="NOUN" signalID="PRED=RÉUNION" tense="NONE" vform="NONE">réunion</EVENT> du Conseil de sécurité de l'Onu sur la <EVENT aspect="NONE" class="OCCURRENCE" eid="e26" pos="NOUN" signalID="PRED=LUTTE" tense="NONE" vform="NONE">lutte</EVENT> antiterroriste. La France <EVENT aspect="NONE" class="STATE" eid="e27" pos="NONE" signalID="PRED=PRÉSIDER" tense="PRESENT" vform="NONE">préside</EVENT> <TIMEX3 tid="t5" type="DATE" value="PRESENT_REF">actuellement</TIMEX3> le Conseil de sécurité.
</TEXT><MAKEINSTANCE eiid="ei1" eventID="e1" /><MAKEINSTANCE eiid="ei2" eventID="e2" /><MAKEINSTANCE eiid="ei4" eventID="e4" /><MAKEINSTANCE eiid="ei5" eventID="e5" /><MAKEINSTANCE eiid="ei6" eventID="e6" /><MAKEINSTANCE eiid="ei7" eventID="e7" /><MAKEINSTANCE eiid="ei8" eventID="e8" /><MAKEINSTANCE eiid="ei9" eventID="e9" /><MAKEINSTANCE eiid="ei10" eventID="e10" /><MAKEINSTANCE eiid="ei12" eventID="e12" /><MAKEINSTANCE eiid="ei13" eventID="e13" /><MAKEINSTANCE eiid="ei14" eventID="e14" /><MAKEINSTANCE eiid="ei15" eventID="e15" /><MAKEINSTANCE eiid="ei16" eventID="e16" /><MAKEINSTANCE eiid="ei17" eventID="e17" /><MAKEINSTANCE eiid="ei19" eventID="e19" /><MAKEINSTANCE eiid="ei20" eventID="e20" /><MAKEINSTANCE eiid="ei22" eventID="e22" /><MAKEINSTANCE eiid="ei24" eventID="e24" /><MAKEINSTANCE eiid="ei26" eventID="e26" /><MAKEINSTANCE eiid="ei27" eventID="e27" /><MAKEINSTANCE eiid="ei29" eventID="e29" /><MAKEINSTANCE eiid="ei30" eventID="e30" /></TimeML>
