<?xml version="1.0" encoding="utf-8"?>            
<TimeML><TEXT>
<TIMEX3 functionInDocument="CREATION_TIME" tid="t1" type="DATE" value="2003-01-24" />Trois personnes ont été <EVENT aspect="NONE" class="OCCURRENCE" eid="e1" pos="VERB" signalID="PRED=TUER" tense="PAST" vform="PASTPART">tués</EVENT> <SIGNAL sid="s4">dans</SIGNAL> une <EVENT aspect="NONE" class="OCCURRENCE" eid="e2" pos="NOUN" signalID="PRED=ATTAQUE" tense="NONE" vform="NONE">attaque</EVENT> palestinienne au sud d'Hébron en Cisjordanie. Selon les services de secours, des tireurs ont <EVENT aspect="NONE" class="OCCURRENCE" eid="e4" pos="VERB" signalID="PRED=OUVRIR" tense="PAST" vform="PASTPART">ouvert</EVENT> le feu sur un véhicule israélien près d'une colonie des hauteurs de Hébron, <EVENT aspect="NONE" class="OCCURRENCE" eid="e6" pos="VERB" signalID="PRED=TUER" tense="NONE" vform="PRESPART">tuant</EVENT> ses trois occupants.
L'armée israélienne a <EVENT aspect="NONE" class="OCCURRENCE" eid="e7" pos="VERB" signalID="PRED=ARRÊTER" tense="PAST" vform="PASTPART">arrêté</EVENT> un tireur embusqué palestinien <EVENT aspect="NONE" class="STATE" eid="e27" pos="ADJECTIVE" signalID="PRED=DÉGUISER" tense="NONE" vform="NONE">déguisé</EVENT> en femme qui avait <EVENT aspect="PERFECTIVE" class="OCCURRENCE" eid="e8" pos="VERB" signalID="PRED=OUVRIR" tense="PAST" vform="PASTPART">ouvert</EVENT> le feu sur des soldats près de la colonie juive de Dougit, sans <EVENT aspect="NONE" class="OCCURRENCE" eid="e28" polarity="NEG" pos="VERB" tense="NONE" vform="INFINITIVE">faire</EVENT> de blessé.
Les Brigades des martyrs d'Al-Aqsa, groupe armé lié au mouvement Fatah de Yasser Arafat, ont <EVENT aspect="NONE" class="REPORTING" eid="e29" pos="VERB" tense="PAST" vform="PASTPART">indiqué</EVENT> qu'elles <EVENT aspect="NONE" class="I_STATE" eid="e11" pos="NONE" signalID="PRED=ENTENDRE" tense="IMPERFECT" vform="NONE">entendaient</EVENT> <EVENT aspect="NONE" class="ASPECTUAL" eid="e12" pos="VERB" signalID="PRED=POURSUIVRE" tense="NONE" vform="INFINITIVE">poursuivre</EVENT> les <EVENT aspect="NONE" class="OCCURRENCE" eid="e13" pos="NOUN" signalID="PRED=ATTENTAT" tense="NONE" vform="NONE">attentats-suicides</EVENT> contre Israël.
Une <EVENT aspect="NONE" class="OCCURRENCE" eid="e14" pos="NOUN" signalID="PRED=RÉUNION" tense="NONE" vform="NONE">réunion</EVENT> interpalestinienne <EVENT aspect="NONE" class="MODAL" eid="e15" pos="NONE" signalID="PRED=DEVOIR" tense="PRESENT" vform="NONE">doit</EVENT> s'<EVENT aspect="NONE" class="ASPECTUAL" eid="e16" modality="CERTAINTY" pos="VERB" signalID="PRED=OUVRIR" tense="NONE" vform="INFINITIVE">ouvrir</EVENT> <TIMEX3 anchorTimeID="T1" temporalFunction="TRUE" tid="t2" type="DATE" value="2003-01-24" valueFromFunction="TF1">aujourd'hui</TIMEX3> au Caire. Selon le président Moubarak, le but de cette <EVENT aspect="NONE" class="OCCURRENCE" eid="e17" pos="NOUN" signalID="PRED=RÉUNION" tense="NONE" vform="NONE">réunion</EVENT> est « d'<EVENT aspect="NONE" class="OCCURRENCE" eid="e18" pos="VERB" signalID="PRED=ÉLABORER" tense="NONE" vform="INFINITIVE">élaborer</EVENT> une plate-forme palestinienne unifiée qui <EVENT aspect="NONE" class="MODAL" eid="e19" pos="NONE" signalID="MOOD=CONDITIONAL, PRED=POUVOIR" tense="PRESENT" vform="NONE">pourrait</EVENT> <EVENT aspect="NONE" class="OCCURRENCE" eid="e20" modality="POSSIBILITY" pos="VERB" signalID="PRED=SERVIR" tense="NONE" vform="INFINITIVE">servir</EVENT> à <EVENT aspect="NONE" class="ASPECTUAL" eid="e21" pos="VERB" signalID="PRED=LANCER" tense="NONE" vform="INFINITIVE">lancer</EVENT> des <EVENT aspect="NONE" class="OCCURRENCE" eid="e22" pos="NOUN" signalID="PRED=NÉGOCIATION" tense="NONE" vform="NONE">négociations</EVENT> <EVENT aspect="NONE" class="ASPECTUAL" eid="e23" pos="VERB" signalID="PRED=ABOUTIR" tense="NONE" vform="PRESPART">aboutissant</EVENT> à un <EVENT aspect="NONE" class="OCCURRENCE" eid="e24" pos="NOUN" signalID="PRED=ACCORD" tense="NONE" vform="NONE">accord</EVENT> » israélo-palestinien sur un <EVENT aspect="NONE" class="ASPECTUAL" eid="e25" pos="NOUN" signalID="PRED=ARRÊT" tense="NONE" vform="NONE">arrêt</EVENT> de la <EVENT aspect="NONE" class="OCCURRENCE" eid="e26" pos="NOUN" signalID="PRED=VIOLENCE" tense="NONE" vform="NONE">violence</EVENT>.
</TEXT><MAKEINSTANCE eiid="ei1" eventID="e1" /><MAKEINSTANCE eiid="ei2" eventID="e2" /><MAKEINSTANCE eiid="ei4" eventID="e4" /><MAKEINSTANCE eiid="ei6" eventID="e6" /><MAKEINSTANCE eiid="ei7" eventID="e7" /><MAKEINSTANCE eiid="ei8" eventID="e8" /><MAKEINSTANCE eiid="ei11" eventID="e11" /><MAKEINSTANCE eiid="ei12" eventID="e12" /><MAKEINSTANCE eiid="ei13" eventID="e13" /><MAKEINSTANCE eiid="ei14" eventID="e14" /><MAKEINSTANCE eiid="ei15" eventID="e15" /><MAKEINSTANCE eiid="ei16" eventID="e16" /><MAKEINSTANCE eiid="ei17" eventID="e17" /><MAKEINSTANCE eiid="ei18" eventID="e18" /><MAKEINSTANCE eiid="ei19" eventID="e19" /><MAKEINSTANCE eiid="ei20" eventID="e20" /><MAKEINSTANCE eiid="ei21" eventID="e21" /><MAKEINSTANCE eiid="ei22" eventID="e22" /><MAKEINSTANCE eiid="ei23" eventID="e23" /><MAKEINSTANCE eiid="ei24" eventID="e24" /><MAKEINSTANCE eiid="ei25" eventID="e25" /><MAKEINSTANCE eiid="ei26" eventID="e26" /><MAKEINSTANCE eiid="ei27" eventID="e27" /><MAKEINSTANCE eiid="ei28" eventID="e28" /><MAKEINSTANCE eiid="ei29" eventID="e29" /></TimeML>
