<?xml version="1.0" encoding="utf-8"?>            
<TimeML><TEXT>
<TIMEX3 functionInDocument="CREATION_TIME" tid="t1" type="DATE" value="2003-02-04" /><EVENT aspect="NONE" class="OCCURRENCE" eid="e12" pos="NOUN" signalID="PRED=PREVENTION" tense="NONE" vform="NONE">Prévention</EVENT> routière.
« Fiat-auto » en <EVENT aspect="NONE" class="STATE" eid="e10" pos="NOUN" signalID="PRED=PARTENARIAT" tense="NONE" vform="NONE">partenariat</EVENT> avec la Prévention routière <EVENT aspect="NONE" class="OCCURRENCE" eid="e2" pos="NONE" signalID="PRED=COORDONNER" tense="PRESENT" vform="NONE">coordonne</EVENT> <SIGNAL sid="s1">jusqu'au</SIGNAL> <TIMEX3 beginPoint="(T1)" mod="ON_OR_BEFORE" tid="t2" type="DATE" value="2003-02-28">28 février</TIMEX3> les <EVENT aspect="NONE" class="OCCURRENCE" eid="e11" pos="NOUN" signalID="PRED=LES SEMAINES DE LA SECURITE" tense="NONE" vform="NONE">semaines</EVENT> de la sécurité. Les automobilistes qui le <EVENT aspect="NONE" class="I_STATE" eid="e3" pos="NONE" signalID="PRED=DÉSIRER" tense="PRESENT" vform="NONE">désirent</EVENT> <EVENT aspect="NONE" class="MODAL" eid="e4" pos="NONE" signalID="PRED=POUVOIR" tense="PRESENT" vform="NONE">peuvent</EVENT>, quelle que soit la marque de leur véhicule, faire <EVENT aspect="NONE" class="OCCURRENCE" eid="e6" modality="POSSIBILITY" pos="VERB" signalID="PRED=CONTRÔLER" tense="NONE" vform="INFINITIVE">contrôler</EVENT> gratuitement les pneumatiques, les plaquettes de freins, l'éclairage et la signalisation, les balais d'essuie-glace et les batteries chez le concessionnaire Fiat, 38-40, rue Jeanne-d'Arc à Bar-le-Duc.
</TEXT><MAKEINSTANCE eiid="ei2" eventID="e2" /><MAKEINSTANCE eiid="ei3" eventID="e3" /><MAKEINSTANCE eiid="ei4" eventID="e4" /><MAKEINSTANCE eiid="ei6" eventID="e6" /><MAKEINSTANCE eiid="ei10" eventID="e10" /><MAKEINSTANCE eiid="ei11" eventID="e11" /><MAKEINSTANCE eiid="ei12" eventID="e12" /></TimeML>
