<?xml version="1.0" encoding="utf-8"?>            
<TimeML><TEXT>
<TIMEX3 functionInDocument="CREATION_TIME" tid="t1" type="DATE" value="2003-01-04" />OFFICES RELIGIEUX.
Les <EVENT aspect="NONE" class="OCCURRENCE" eid="e3" pos="NOUN" signalID="PRED=OFFICE" tense="NONE" vform="NONE">offices</EVENT> de l'Unité pastorale de Lure et sa région seront <EVENT aspect="NONE" class="OCCURRENCE" eid="e1" pos="VERB" signalID="PRED=CÉLÉBRER" tense="FUTURE" vform="PASTPART">célébrés</EVENT> comme suit : <TIMEX3 tid="t2" type="DATE" value="2003-01-04T18:30">samedi 4 janvier, à 18 h 30</TIMEX3> : <EVENT aspect="NONE" class="OCCURRENCE" eid="e4" pos="NOUN" signalID="PRED=MESSE" tense="NONE" vform="NONE">messe</EVENT> à Magny-vernois ; <TIMEX3 tid="t4" type="DATE" value="2003-01-05T09:15">Dimanche 5 janvier, à 9 h 15</TIMEX3>, <EVENT aspect="NONE" class="OCCURRENCE" eid="e5" pos="NOUN" signalID="PRED=MESSE" tense="NONE" vform="NONE">messe</EVENT> à Saint-germain, <TIMEX3 tid="t6" type="TIME" value="2003-01-04T10:30">10 h 30</TIMEX3>, <EVENT aspect="NONE" class="OCCURRENCE" eid="e6" pos="NOUN" signalID="PRED=MESSE" tense="NONE" vform="NONE">messe</EVENT> à Lure, Bouhans et Vy-les-Lure.
</TEXT><MAKEINSTANCE eiid="ei1" eventID="e1" /><MAKEINSTANCE eiid="ei3" eventID="e3" /><MAKEINSTANCE eiid="ei4" eventID="e4" /><MAKEINSTANCE eiid="ei5" eventID="e5" /><MAKEINSTANCE eiid="ei6" eventID="e6" /></TimeML>
