<?xml version="1.0" encoding="utf-8"?>            
<TimeML><TEXT>
<TIMEX3 functionInDocument="CREATION_TIME" tid="t1" type="DATE" value="2003-01-27" />Le président du Conseil représentatif des institutions juives de France Roger Cukierman a <EVENT aspect="NONE" class="OCCURRENCE" eid="e3" pos="VERB" signalID="CLASS=CAUSE, PRED=CRÉER" tense="PAST" vform="PASTPART">créé</EVENT> la <EVENT aspect="NONE" class="OCCURRENCE" eid="e4" pos="NOUN" signalID="PRED=POLÉMIQUE" tense="NONE" vform="NONE">polémique</EVENT> <SIGNAL sid="s1">lors du</SIGNAL> traditionnel <EVENT aspect="NONE" class="OCCURRENCE" eid="e5" pos="NOUN" signalID="PRED=DÎNER" tense="NONE" vform="NONE">dîner</EVENT> <TIMEX3 quant="EVERY" tid="t2" type="SET" value="P1Y">annuel</TIMEX3> du CRIF en <EVENT aspect="NONE" class="OCCURRENCE" eid="e6" pos="VERB" signalID="PRED=ASSIMILER" tense="NONE" vform="GERUNDIVE">assimilant</EVENT> antisionisme et antisémitisme et en <EVENT aspect="NONE" class="I_ACTION" eid="e7" pos="VERB" signalID="PRED=DÉNONCER" tense="NONE" vform="GERUNDIVE">dénonçant</EVENT> une «<EVENT aspect="NONE" class="STATE" eid="e11" pos="NOUN" signalID="PRED=ALLIANCE" tense="NONE" vform="NONE">alliance</EVENT> brun-vert-rouge». Cette <EVENT aspect="NONE" class="REPORTING" eid="e8" pos="NOUN" signalID="PRED=DÉCLARATION" tense="NONE" vform="NONE">déclaration</EVENT> a <EVENT aspect="NONE" class="CAUSE" eid="e9" pos="VERB" signalID="PRED=PROVOQUER" tense="PAST" vform="PASTPART">provoqué</EVENT> le <EVENT aspect="NONE" class="OCCURRENCE" eid="e10" pos="NOUN" signalID="PRED=DÉPART" tense="NONE" vform="NONE">départ</EVENT> du nouveau secrétaire national des Verts Gilles Lemaire.
</TEXT><MAKEINSTANCE eiid="ei3" eventID="e3" /><MAKEINSTANCE eiid="ei4" eventID="e4" /><MAKEINSTANCE eiid="ei5" eventID="e5" /><MAKEINSTANCE eiid="ei6" eventID="e6" /><MAKEINSTANCE eiid="ei7" eventID="e7" /><MAKEINSTANCE eiid="ei8" eventID="e8" /><MAKEINSTANCE eiid="ei9" eventID="e9" /><MAKEINSTANCE eiid="ei10" eventID="e10" /><MAKEINSTANCE eiid="ei11" eventID="e11" /></TimeML>
