<?xml version="1.0" encoding="utf-8"?>            
<TimeML><TEXT>
<TIMEX3 functionInDocument="CREATION_TIME" tid="t1" type="DATE" value="2003-02-04" />Terroriste <EVENT aspect="NONE" class="OCCURRENCE" eid="e10" pos="VERB" signalID="PRED=ARRETER" tense="NONE" vform="PASTPART">arrêté</EVENT> à Jakarta. - Une bombe a <EVENT aspect="NONE" class="OCCURRENCE" eid="e1" pos="VERB" signalID="PRED=EXPLOSER" tense="PAST" vform="PASTPART">explosé</EVENT> <TIMEX3 anchorTimeID="T1" temporalFunction="TRUE" tid="t2" type="DATE" value="2003-02-03" valueFromFunction="TF17">hier</TIMEX3> dans l'enceinte du quartier général de la police à Jakarta, sans <EVENT aspect="NONE" class="OCCURRENCE" eid="e11" polarity="NEG" pos="VERB" signalID="PRED=FAIRE" tense="NONE" vform="INFINITIVE">faire</EVENT> de victime, mais cet <EVENT aspect="NONE" class="OCCURRENCE" eid="e2" pos="NOUN" signalID="PRED=ATTENTAT" tense="NONE" vform="NONE">attentat</EVENT> a <EVENT aspect="NONE" class="OCCURRENCE" eid="e3" pos="VERB" signalID="PRED=RAVIVER" tense="PAST" vform="PASTPART">ravivé</EVENT> les <EVENT aspect="NONE" class="I_STATE" eid="e12" pos="NOUN" signalID="PRED=CRAINTE" tense="NONE" vform="NONE">craintes</EVENT> de nouvelles <EVENT aspect="NONE" class="OCCURRENCE" eid="e13" pos="NOUN" signalID="PRED=ATTAQUE" tense="NONE" vform="NONE">attaques</EVENT> terroristes dans l'archipel.
La police a d'autre part <EVENT aspect="NONE" class="REPORTING" eid="e4" pos="VERB" signalID="PRED=ANNONCER" tense="PAST" vform="PASTPART">annoncé</EVENT> l'<EVENT aspect="NONE" class="OCCURRENCE" eid="e5" pos="NOUN" signalID="PRED=ARRESTATION" tense="NONE" vform="NONE">arrestation</EVENT> du chef pour Singapour de la Jamaah Islamiyah (JI), un réseau terroriste régional, qui aurait <EVENT aspect="NONE" class="STATE" eid="e6" modality="CONJECTURAL" pos="VERB" signalID="MOOD=CONDITIONAL, PRED=AVOIR" tense="PAST" vform="PASTPART">eu</EVENT> pour plan de <EVENT aspect="NONE" class="OCCURRENCE" eid="e7" pos="VERB" signalID="PRED=DÉTOURNER" tense="NONE" vform="INFINITIVE">détourner</EVENT> des avions pour les <EVENT aspect="NONE" class="OCCURRENCE" eid="e8" pos="VERB" signalID="CLASS=CAUSE, PRED=FAIRE" tense="NONE" vform="INFINITIVE">faire</EVENT> s'<EVENT aspect="NONE" class="OCCURRENCE" eid="e9" pos="VERB" signalID="PRED=ÉCRASER" tense="NONE" vform="INFINITIVE">écraser</EVENT> sur Singapour et Bangkok.
</TEXT><MAKEINSTANCE eiid="ei1" eventID="e1" /><MAKEINSTANCE eiid="ei2" eventID="e2" /><MAKEINSTANCE eiid="ei3" eventID="e3" /><MAKEINSTANCE eiid="ei4" eventID="e4" /><MAKEINSTANCE eiid="ei5" eventID="e5" /><MAKEINSTANCE eiid="ei6" eventID="e6" /><MAKEINSTANCE eiid="ei7" eventID="e7" /><MAKEINSTANCE eiid="ei8" eventID="e8" /><MAKEINSTANCE eiid="ei9" eventID="e9" /><MAKEINSTANCE eiid="ei10" eventID="e10" /><MAKEINSTANCE eiid="ei11" eventID="e11" /><MAKEINSTANCE eiid="ei12" eventID="e12" /><MAKEINSTANCE eiid="ei13" eventID="e13" /></TimeML>
