<?xml version="1.0" encoding="utf-8"?>            
<TimeML><TEXT>
<TIMEX3 functionInDocument="CREATION_TIME" tid="t1" type="DATE" value="2003-02-04" />Premiers lauriers.
EPINAL. _ Plusieurs coureurs de la Vôge VTT se sont <EVENT aspect="NONE" class="OCCURRENCE" eid="e1" pos="VERB" signalID="PRED=RENDRE" tense="PAST" vform="PASTPART">rendus</EVENT> <TIMEX3 anchorTimeID="T1" temporalFunction="TRUE" tid="t2" type="DATE" value="2003-W05-WE" valueFromFunction="TF6">ce week-end</TIMEX3> à Saint-Gervais pour <EVENT aspect="NONE" class="OCCURRENCE" eid="e2" pos="VERB" signalID="PRED=PARTICIPER" tense="NONE" vform="INFINITIVE">participer</EVENT> à la Snow Bike <EVENT aspect="NONE" class="OCCURRENCE" eid="e6" pos="NOUN" signalID="PRED=SNOW BIKECUP" tense="NONE" vform="NONE">Cup</EVENT>.
Une <EVENT aspect="NONE" class="STATE" eid="e3" pos="NOUN" signalID="PRED=SORTIE" tense="NONE" vform="NONE">sortie</EVENT> prometteuse pour les protégés d'Eric Jacoté. Ainsi, Jérôme Conreaux et Rémy Absalon ont <EVENT aspect="NONE" class="OCCURRENCE" eid="e4" pos="VERB" signalID="PRED=SIGNER" tense="PAST" vform="PASTPART">signé</EVENT> un joli <EVENT aspect="NONE" class="OCCURRENCE" eid="e7" pos="NOUN" signalID="PRED=DOUBLE" tense="NONE" vform="NONE">doublé</EVENT> <SIGNAL sid="s1">tandis que</SIGNAL> Estelle Vuillemin s'est <EVENT aspect="NONE" class="OCCURRENCE" eid="e5" pos="VERB" signalID="PRED=IMPOSER" tense="PAST" vform="PASTPART">imposée</EVENT> chez les féminines (<EVENT aspect="NONE" class="STATE" eid="e8" pos="NOUN" signalID="PRED=27E" tense="NONE" vform="NONE">27e</EVENT> au scratch).
</TEXT><MAKEINSTANCE eiid="ei1" eventID="e1" /><MAKEINSTANCE eiid="ei2" eventID="e2" /><MAKEINSTANCE eiid="ei3" eventID="e3" /><MAKEINSTANCE eiid="ei4" eventID="e4" /><MAKEINSTANCE eiid="ei5" eventID="e5" /><MAKEINSTANCE eiid="ei6" eventID="e6" /><MAKEINSTANCE eiid="ei7" eventID="e7" /><MAKEINSTANCE eiid="ei8" eventID="e8" /></TimeML>
