<?xml version="1.0" encoding="utf-8"?>            
<TimeML><TEXT>
<TIMEX3 functionInDocument="CREATION_TIME" tid="t1" type="DATE" value="2003-02-22" />Un mort dans un <EVENT aspect="NONE" class="OCCURRENCE" eid="e2" pos="NOUN" signalID="PRED=DÉPASSEMENT" tense="NONE" vform="NONE">dépassement</EVENT>.
BAR-LE-DUC. _ <TIMEX3 mod="APPROX" tid="t2" type="DATE" value="2003-02-20T00:40">Vers 0 h 40, jeudi</TIMEX3>, deux voitures de même modèle se <EVENT aspect="NONE" class="STATE" eid="e3" pos="NONE" signalID="PRED=SUIVRE" tense="IMPERFECT" vform="NONE">suivaient</EVENT> sur la RD 184, la route qui relie Laneuville-au-Rupt (Meuse) à la RD 964 (la route Commercy-Void). <SIGNAL sid="s4">Au moment de</SIGNAL> l'<EVENT aspect="NONE" class="OCCURRENCE" eid="e5" pos="NOUN" signalID="PRED=ACCIDENT" tense="NONE" vform="NONE">accident</EVENT>, les deux conducteurs, Florian Désoteux, 26 ans, <EVENT aspect="NONE" class="STATE" eid="e6" pos="VERB" signalID="PRED=DEMEURER" tense="NONE" vform="PRESPART">demeurant</EVENT> à Commercy, et Anthony Wagner, 27 ans, <EVENT aspect="NONE" class="STATE" eid="e7" pos="VERB" signalID="PRED=DEMEURER" tense="NONE" vform="PRESPART">demeurant</EVENT> à Laxou, <EVENT aspect="NONE" class="I_ACTION" eid="e8" pos="NONE" signalID="PRED=CHERCHER" tense="IMPERFECT" vform="NONE">cherchaient</EVENT> à se <EVENT aspect="NONE" class="OCCURRENCE" eid="e9" pos="VERB" signalID="PRED=DÉPASSER" tense="NONE" vform="INFINITIVE">dépasser</EVENT>.
Pour une raison qui <EVENT aspect="NONE" class="ASPECTUAL" eid="e10" pos="NONE" signalID="PRED=RESTER" tense="PRESENT" vform="NONE">reste</EVENT> à <EVENT aspect="NONE" class="OCCURRENCE" eid="e11" pos="VERB" signalID="PRED=DÉTERMINER" tense="NONE" vform="INFINITIVE">déterminer</EVENT>, dans une courbe de la route, les deux véhicules se sont <EVENT aspect="NONE" class="OCCURRENCE" eid="e12" pos="VERB" signalID="PRED=PERCUTER" tense="PAST" vform="PASTPART">percutés</EVENT>. Dans le <EVENT aspect="NONE" class="OCCURRENCE" eid="e13" pos="NOUN" signalID="PRED=CHOC" tense="NONE" vform="NONE">choc</EVENT>, un des passagers de Florian Désoteux, Philippe Céric, 30 ans, <EVENT aspect="NONE" class="STATE" eid="e14" pos="VERB" signalID="PRED=DEMEURER" tense="NONE" vform="PRESPART">demeurant</EVENT> à Laneuville-au-Rupt, a été <EVENT aspect="NONE" class="OCCURRENCE" eid="e15" pos="VERB" signalID="PRED=ÉJECTER" tense="PAST" vform="PASTPART">éjecté</EVENT> du véhicule et a été <EVENT aspect="NONE" class="OCCURRENCE" eid="e16" pos="VERB" signalID="PRED=RETROUVER" tense="PAST" vform="PASTPART">retrouvé</EVENT> <EVENT aspect="NONE" class="STATE" eid="e18" pos="ADJECTIVE" signalID="PRED=MORT" tense="NONE" vform="NONE">mort</EVENT> par les sauveteurs.
Les deux conducteurs, Florian Désoteux et Anthony Wagner, légèrement <EVENT aspect="NONE" class="STATE" eid="e19" pos="ADJECTIVE" signalID="PRED=BLESSER" tense="NONE" vform="NONE">blessés</EVENT>, ont été <EVENT aspect="NONE" class="OCCURRENCE" eid="e17" pos="VERB" signalID="PRED=TRANSPORTER" tense="PAST" vform="PASTPART">transportés</EVENT> à l'hôpital Jeanne-d'Arc de Toul.
</TEXT><MAKEINSTANCE eiid="ei2" eventID="e2" /><MAKEINSTANCE eiid="ei3" eventID="e3" /><MAKEINSTANCE eiid="ei5" eventID="e5" /><MAKEINSTANCE eiid="ei6" eventID="e6" /><MAKEINSTANCE eiid="ei7" eventID="e7" /><MAKEINSTANCE eiid="ei8" eventID="e8" /><MAKEINSTANCE eiid="ei9" eventID="e9" /><MAKEINSTANCE eiid="ei10" eventID="e10" /><MAKEINSTANCE eiid="ei11" eventID="e11" /><MAKEINSTANCE eiid="ei12" eventID="e12" /><MAKEINSTANCE eiid="ei13" eventID="e13" /><MAKEINSTANCE eiid="ei14" eventID="e14" /><MAKEINSTANCE eiid="ei15" eventID="e15" /><MAKEINSTANCE eiid="ei16" eventID="e16" /><MAKEINSTANCE eiid="ei17" eventID="e17" /><MAKEINSTANCE eiid="ei18" eventID="e18" /><MAKEINSTANCE eiid="ei19" eventID="e19" /></TimeML>
