<?xml version="1.0" encoding="utf-8"?>            
<TimeML><TEXT>
<TIMEX3 functionInDocument="CREATION_TIME" tid="t1" type="DATE" value="2003-02-23" />La fumée a <EVENT aspect="NONE" class="OCCURRENCE" eid="e1" pos="VERB" signalID="PRED=ATTIRER" tense="PAST" vform="PASTPART">attiré</EVENT> l'attention des voisins et des passants <TIMEX3 anchorTimeID="T1" mod="APPROX" temporalFunction="TRUE" tid="t2" type="DATE" value="2003-02-22T15:30">vers 15 h 30, hier</TIMEX3>. Il a <EVENT aspect="NONE" class="MODAL" eid="e2" pos="VERB" signalID="PRED=FALLOIR" tense="PAST" vform="PASTPART">fallu</EVENT> rapidement se <EVENT aspect="NONE" class="OCCURRENCE" eid="e3" modality="NECESSITY" pos="VERB" signalID="PRED=RENDRE" tense="NONE" vform="INFINITIVE">rendre</EVENT> à l'évidence : il ne s'agissait pas d'un feu de cheminée.
A leur <EVENT aspect="NONE" class="OCCURRENCE" eid="e5" pos="NOUN" signalID="PRED=ARRIVÉE" tense="NONE" vform="NONE">arrivée</EVENT> devant le 10, rue Paul-Bert à Belfort, les sapeurs-pompiers se sont rapidement <EVENT aspect="NONE" class="OCCURRENCE" eid="e6" pos="VERB" signalID="PRED=TROUVER" tense="PAST" vform="PASTPART">trouvés</EVENT> face à un <EVENT aspect="NONE" class="OCCURRENCE" eid="e7" pos="NOUN" signalID="PRED=INCENDIE" tense="NONE" vform="NONE">incendie</EVENT> d'importance. Le feu avait <EVENT aspect="PERFECTIVE" class="OCCURRENCE" eid="e9" pos="VERB" signalID="PRED=COUVER" tense="PAST" vform="PASTPART">couvé</EVENT> et une épaisse fumée s'était <EVENT aspect="PERFECTIVE" class="OCCURRENCE" eid="e10" pos="VERB" signalID="PRED=CONCENTRER" tense="PAST" vform="PASTPART">concentrée</EVENT> sur les deux étages de l'entrepôt du Secours populaire. Il a <EVENT aspect="NONE" class="MODAL" eid="e12" pos="VERB" signalID="PRED=FALLOIR" tense="PAST" vform="PASTPART">fallu</EVENT> que les sapeurs-pompiers <EVENT aspect="NONE" class="OCCURRENCE" eid="e13" modality="NECESSITY" pos="NONE" signalID="PRED=CASSER, MOOD=SUBJUNCTIVE" tense="PRESENT" vform="NONE">cassent</EVENT> les vitres, <EVENT aspect="NONE" class="OCCURRENCE" eid="e14" modality="NECESSITY" pos="NONE" signalID="PRED=DÉCOUPER, MOOD=SUBJUNCTIVE" tense="PRESENT" vform="NONE">découpent</EVENT> le rideau métallique de la porte d'entrée et <EVENT aspect="NONE" class="OCCURRENCE" eid="e15" modality="NECESSITY" pos="NONE" signalID="PRED=FAIRE, MOOD=SUBJUNCTIVE" tense="PRESENT" vform="NONE">fassent</EVENT> des ouvertures dans le toit pour <EVENT aspect="NONE" class="MODAL" eid="e17" pos="VERB" signalID="PRED=POUVOIR" tense="NONE" vform="INFINITIVE">pouvoir</EVENT> <EVENT aspect="NONE" class="OCCURRENCE" eid="e18" modality="POSSIBILITY" pos="VERB" signalID="PRED=COMBATTRE" tense="NONE" vform="INFINITIVE">combattre</EVENT> les flammes. Leur matériel respiratoire a été nécessaire pour <EVENT aspect="NONE" class="OCCURRENCE" eid="e19" pos="VERB" signalID="PRED=ENTRER" tense="NONE" vform="INFINITIVE">entrer</EVENT> dans la fournaise <EVENT aspect="NONE" class="OCCURRENCE" eid="e20" pos="VERB" signalID="PRED=GÉNÉRER" tense="NONE" vform="PASTPART">générée</EVENT> par l'<EVENT aspect="NONE" class="OCCURRENCE" eid="e21" pos="NOUN" signalID="PRED=INCENDIE" tense="NONE" vform="NONE">incendie</EVENT> des meubles, mousses et infrastructures en bois du bâtiment.
L'<EVENT aspect="NONE" class="OCCURRENCE" eid="e23" pos="NOUN" signalID="PRED=OPÉRATION" tense="NONE" vform="NONE">opération</EVENT> a <EVENT aspect="NONE" class="OCCURRENCE" eid="e24" pos="VERB" signalID="PRED=MOBILISER" tense="PAST" vform="PASTPART">mobilisé</EVENT> 25 hommes issus des centres de Belfort Nord et Sud, de Giromagny et du service départemental d'incendie et de secours. Deux fourgons et deux grandes échelles ont été <EVENT aspect="NONE" class="OCCURRENCE" eid="e26" pos="VERB" signalID="PRED=METTRE" tense="PAST" vform="PASTPART">mises</EVENT> en action. L'<EVENT aspect="NONE" class="OCCURRENCE" eid="e27" pos="NOUN" signalID="PRED=INTERVENTION" tense="NONE" vform="NONE">intervention</EVENT> a été <EVENT aspect="NONE" class="OCCURRENCE" eid="e28" pos="VERB" signalID="PRED=DIRIGER" tense="PAST" vform="PASTPART">dirigée</EVENT> sur place, depuis le poste de commandement mobile.
Le <EVENT aspect="NONE" class="OCCURRENCE" eid="e29" pos="NOUN" signalID="PRED=SINISTRE" tense="NONE" vform="NONE">sinistre</EVENT> a <EVENT aspect="NONE" class="OCCURRENCE" eid="e30" pos="VERB" signalID="PRED=DÉTRUIRE" tense="PAST" vform="PASTPART">détruit</EVENT> essentiellement, au niveau du rez-de-chaussée, les locaux et le matériel situé côté Paul-Bert. La toiture a été <EVENT aspect="NONE" class="OCCURRENCE" eid="e31" pos="VERB" signalID="PRED=PRÉSERVER" tense="PAST" vform="PASTPART">préservée</EVENT>. Il n'y <EVENT aspect="NONE" class="STATE" eid="e123" pos="NONE" signalID="TENSE=IMPREFECT, PRED=AVOIR" tense="NONE" vform="NONE">avait</EVENT> personne à l'intérieur <SIGNAL sid="s12">à</SIGNAL> <TIMEX3 anchorTimeID="T2" functionInDocument="NONE" mod="APPROX" temporalFunction="TRUE" tid="t15" type="DATE" value="2003-02-22T15:30">ce moment là</TIMEX3>.
Environ 100 m2, sur environ 300 m2 de locaux, ont été <EVENT aspect="NONE" class="OCCURRENCE" eid="e33" pos="VERB" signalID="PRED=DÉTRUIRE" tense="PAST" vform="PASTPART">détruits</EVENT> par les flammes. Le reste a été <EVENT aspect="NONE" class="OCCURRENCE" eid="e34" pos="VERB" signalID="PRED=ENDOMMAGER" tense="PAST" vform="PASTPART">endommagé</EVENT> par la chaleur et les fumées. L'origine de l'<EVENT aspect="NONE" class="OCCURRENCE" eid="e35" pos="NOUN" signalID="PRED=INCENDIE" tense="NONE" vform="NONE">incendie</EVENT> était <EVENT aspect="NONE" class="STATE" eid="e124" pos="ADJECTIVE" signalID="PRED=INCONNU" tense="NONE" vform="NONE">inconnue</EVENT> <TIMEX3 anchorTimeID="T1" temporalFunction="TRUE" tid="t4" type="DATE" value="2003-02-22TAF" valueFromFunction="TF5">hier après-midi</TIMEX3>.
Il n'y avait personne non plus à l'intérieur du hangar que le Secours populaire <EVENT aspect="NONE" class="OCCURRENCE" eid="e38" pos="NONE" signalID="PRED=UTILISER" tense="PRESENT" vform="NONE">utilise</EVENT> <SIGNAL sid="s2">depuis</SIGNAL> <TIMEX3 tid="t5" type="DURATION" value="P25Y">un quart de siècle</TIMEX3> pour l'accueil ainsi que la vente et le stockage de ses objets, meubles et vêtements.
Le bâtiment, qui <EVENT aspect="NONE" class="STATE" eid="e42" pos="NONE" signalID="PRED=APPARTENIR" tense="PRESENT" vform="NONE">appartient</EVENT> à la Ville de Belfort, venait de <EVENT aspect="PERFECTIVE" class="OCCURRENCE" eid="e43" pos="VERB" signalID="PRED=FAIRE" tense="PAST" vform="INFINITIVE">faire</EVENT> l'objet de travaux de rénovation <EVENT aspect="NONE" class="REPORTING" eid="e44" pos="NONE" signalID="PRED=CONFIRMER" tense="PRESENT" vform="NONE">confirme</EVENT> André Kaufmann, adjoint au maire, sur place <TIMEX3 anchorTimeID="T1" temporalFunction="TRUE" tid="t6" type="DATE" value="2003-02-22" valueFromFunction="TF17">hier</TIMEX3> : « La toiture a été complétement <EVENT aspect="NONE" class="OCCURRENCE" eid="e45" pos="VERB" signalID="PRED=REFAIRE" tense="PAST" vform="PASTPART">refaite</EVENT> <SIGNAL sid="s3">à</SIGNAL> <TIMEX3 anchorTimeID="T1" mod="END" temporalFunction="TRUE" tid="t7" type="DATE" value="2002" valueFromFunction="TF13">la fin de l'année dernière</TIMEX3>, ainsi que la façade extérieure et les systèmes de sécurité », <EVENT aspect="NONE" class="REPORTING" eid="e46" pos="NONE" signalID="PRED=SOULIGNER" tense="PRESENT" vform="NONE">souligne</EVENT>-t-il, <EVENT aspect="NONE" class="REPORTING" eid="e47" pos="VERB" signalID="PRED=ESTIMER" tense="NONE" vform="PRESPART">estimant</EVENT> le coût de ces <EVENT aspect="NONE" class="OCCURRENCE" eid="e125" pos="NOUN" signalID="PRED=TRAVAIL" tense="NONE" vform="NONE">travaux</EVENT> à environ 100.000 €.
<EVENT aspect="NONE" class="STATE" eid="e49" pos="VERB" signalID="PRED=FERMER" tense="NONE" vform="PASTPART">Fermé</EVENT> <SIGNAL sid="s4">depuis</SIGNAL> <TIMEX3 anchorTimeID="T1" temporalFunction="TRUE" tid="t8" type="DATE" value="2003-02-21" valueFromFunction="TF4">vendredi</TIMEX3>.
Jean-Claude Viailly, responsable des ventes, <EVENT aspect="NONE" class="PERCEPTION" eid="e51" pos="NONE" signalID="PRED=REGARDER" tense="IMPERFECT" vform="NONE">regardait</EVENT> avec la larme à l'œil les pompiers <EVENT aspect="NONE" class="OCCURRENCE" eid="e52" pos="VERB" signalID="PRED=DÉGAGER" tense="NONE" vform="INFINITIVE">dégager</EVENT> les restes de son bureau et de sa brocante : « Nous sommes trois à être salariés ici. Je ne <EVENT aspect="NONE" class="I_STATE" eid="e56" polarity="NEG" pos="NONE" signalID="PRED=SAVOIR" tense="PRESENT" vform="NONE">sais</EVENT> pas ce qu'on va <EVENT aspect="NONE" class="OCCURRENCE" eid="e58" pos="VERB" signalID="PRED=DEVENIR, ASPECT=PROSPECTIVE" tense="NONE" vform="INFINITIVE">devenir</EVENT>. Nous avons <EVENT aspect="NONE" class="OCCURRENCE" eid="e59" pos="VERB" signalID="PRED=OUVRIR" tense="PAST" vform="PASTPART">ouvert</EVENT> <TIMEX3 tid="t9" type="DATE" value="2003-02-21">vendredi</TIMEX3> <SIGNAL sid="s6">jusqu'à</SIGNAL> <TIMEX3 tid="t10" type="TIME" value="2003-02-21T17:00">17 h</TIMEX3>. Le bâtiment était <EVENT aspect="NONE" class="STATE" eid="e61" pos="ADJECTIVE" signalID="PRED=FERMER, TENSE=IMPERFECT" tense="PAST" vform="NONE">fermé</EVENT> <SIGNAL sid="s13">depuis</SIGNAL>. A l'intérieur, c'était <EVENT aspect="NONE" class="STATE" eid="e126" pos="ADJECTIVE" signalID="PRED=PLEIN" tense="NONE" vform="NONE">plein</EVENT> à environ 75 % pour l'espace brocante et il y <EVENT aspect="NONE" class="STATE" eid="e63" pos="NONE" signalID="PRED=AVOIR" tense="IMPERFECT" vform="NONE">avait</EVENT> environ trois tonnes de linge. Tout était en bas. Nous ne <EVENT aspect="NONE" class="OCCURRENCE" eid="e64" polarity="NEG" pos="NONE" signalID="PRED=METTERE, MOOD=SUBJUNCTIVE" tense="PRESENT" vform="NONE">mettions</EVENT> plus rien à l'étage car les planchers sont trop vieux », <EVENT aspect="NONE" class="REPORTING" eid="e65" pos="NONE" signalID="PRED=DÉTAILLER" tense="PRESENT" vform="NONE">détaille</EVENT>-t-il.
<EVENT aspect="NONE" class="OCCURRENCE" eid="e66" pos="VERB" signalID="PRED=AVERTIR" tense="NONE" vform="PASTPART">Avertie</EVENT> par des voisines, Juliette Carpezat s'est <EVENT aspect="NONE" class="OCCURRENCE" eid="e67" pos="VERB" signalID="PRED=PRÉCIPITER" tense="PAST" vform="PASTPART">précipitée</EVENT> en chaussons dans la rue <SIGNAL sid="s7">lorsqu'</SIGNAL>elle a <EVENT aspect="NONE" class="I_STATE" eid="e68" pos="VERB" signalID="PRED=SAVOIR" tense="PAST" vform="PASTPART">su</EVENT> que le Secours populaire <EVENT aspect="NONE" class="OCCURRENCE" eid="e70" pos="NONE" signalID="PRED=BRÛLER" tense="IMPERFECT" vform="NONE">brûlait</EVENT> : « Je suis <EVENT aspect="NONE" class="OCCURRENCE" eid="e71" pos="VERB" signalID="PRED=PASSER" tense="PAST" vform="PASTPART">passée</EVENT> <SIGNAL sid="s8">à</SIGNAL> <TIMEX3 tid="t11" type="TIME" value="2003-02-21T12:00">midi</TIMEX3> devant en <EVENT aspect="NONE" class="OCCURRENCE" eid="e72" pos="VERB" signalID="PRED=RENTRER" tense="NONE" vform="GERUNDIVE">rentrant</EVENT> de la pharmacie. Il n'y <EVENT aspect="NONE" class="STATE" eid="e127" polarity="NEG" pos="NONE" signalID="TENSE=IMPERFEC, PRED=AVOIRT" tense="NONE" vform="NONE">avait</EVENT> rien d'anormal », <EVENT aspect="NONE" class="REPORTING" eid="e74" pos="NONE" signalID="PRED=EXPLIQUER" tense="PRESENT" vform="NONE">explique</EVENT> cette habitante du quartier, bénévole au « Secours pop » <SIGNAL sid="s9">depuis</SIGNAL> <TIMEX3 tid="t12" type="DURATION" value="P12Y">douze ans</TIMEX3>. Seul baume à son cœur, une partie des vêtements ne <EVENT aspect="NONE" class="OCCURRENCE" eid="e77" polarity="NEG" pos="NONE" signalID="PRED=PARAÎTRE" tense="IMPERFECT" vform="NONE">paraissait</EVENT> pas trop <EVENT aspect="NONE" class="STATE" eid="e78" polarity="POS" pos="VERB" signalID="PRED=TOUCHER" tense="NONE" vform="PASTPART">touchée</EVENT> : « Il va <EVENT aspect="NONE" class="MODAL" eid="e80" pos="VERB" signalID="PRED=FALLLOIR, ASPECT=PROSPECTIVE" tense="NONE" vform="INFINITIVE">falloir</EVENT> les <EVENT aspect="NONE" class="OCCURRENCE" eid="e81" modality="NECESSITY" pos="VERB" signalID="PRED=METTRE" tense="NONE" vform="INFINITIVE">mettre</EVENT> en lieu sûr. <SIGNAL sid="s10">Si</SIGNAL> on <EVENT aspect="NONE" class="STATE" eid="e82" pos="NONE" signalID="PRED=LAISSER" tense="PRESENT" vform="NONE">laisse</EVENT> cela en l'état, ils vont être <EVENT aspect="NONE" class="OCCURRENCE" eid="e84" pos="VERB" signalID="PRED=PILLER" tense="NONE" vform="PASTPART">pillés</EVENT> », <EVENT aspect="NONE" class="OCCURRENCE" eid="e85" pos="NONE" signalID="PRED=SOUPIRER" tense="IMPERFECT" vform="NONE">soupirait</EVENT>-elle <SIGNAL sid="s11">alors que</SIGNAL> les pompiers <EVENT aspect="NONE" class="ASPECTUAL" eid="e86" pos="NONE" signalID="PRED=ENGAGER" tense="IMPERFECT" vform="NONE">engageaient</EVENT> les premières <EVENT aspect="NONE" class="OCCURRENCE" eid="e87" pos="NOUN" signalID="PRED=OPÉRATION" tense="NONE" vform="NONE">opérations</EVENT> de ventilation, d'étayage et de déblais.
<EVENT aspect="NONE" class="OCCURRENCE" eid="e121" pos="NOUN" signalID="PRED=TOURNOI" tense="NONE" vform="NONE">Tournoi</EVENT> de boules <EVENT aspect="NONE" class="I_ACTION" eid="e88" pos="VERB" signalID="PRED=ANNULER" tense="NONE" vform="PASTPART">annulé</EVENT>.
L'<EVENT aspect="NONE" class="OCCURRENCE" eid="e89" pos="NOUN" signalID="PRED=INTERVENTION" tense="NONE" vform="NONE">intervention</EVENT> des sapeurs-pompiers s'est <EVENT aspect="NONE" class="EVENT_CONTAINER" eid="e90" pos="VERB" signalID="PRED=DÉROULER" tense="PAST" vform="PASTPART">déroulée</EVENT> sous les yeux d'un public nombreux. Et pour cause : la fumée a <EVENT aspect="NONE" class="OCCURRENCE" eid="e91" pos="VERB" signalID="PRED=RECOUVRIR" tense="PAST" vform="PASTPART">recouvert</EVENT> le quartier, <EVENT aspect="NONE" class="OCCURRENCE" eid="e92" pos="VERB" signalID="CLASS=CAUSE, PRED=FAIRE" tense="NONE" vform="PRESPART">faisant</EVENT> <EVENT aspect="NONE" class="OCCURRENCE" eid="e93" pos="VERB" signalID="PRED=SORTIR" tense="NONE" vform="INFINITIVE">sortir</EVENT> les curieux, et le <EVENT aspect="NONE" class="OCCURRENCE" eid="e94" pos="NOUN" signalID="PRED=SINISTRE" tense="NONE" vform="NONE">sinistre</EVENT> a <EVENT aspect="NONE" class="ASPECTUAL" eid="e95" pos="VERB" signalID="PRED=INTERROMPRE" tense="PAST" vform="PASTPART">interrompu</EVENT> le <EVENT aspect="NONE" class="OCCURRENCE" eid="e96" pos="NOUN" signalID="PRED=CONCOURS" tense="NONE" vform="NONE">concours</EVENT> de pétanque <EVENT aspect="NONE" class="STATE" eid="e97" pos="VERB" signalID="PRED=ORGANISER" tense="NONE" vform="PASTPART">organisée</EVENT> par l'association des Portugais de Belfort. Le boulodrome, en effet, est <EVENT aspect="NONE" class="STATE" eid="e99" pos="ADJECTIVE" signalID="PRED=INSTALLER" tense="PAST" vform="NONE">installé</EVENT> dans le même corps de bâtiment que le Secours populaire. Un grand mur sépare les deux parties.
<SIGNAL sid="s14">A l'heure du</SIGNAL> <EVENT aspect="NONE" class="OCCURRENCE" eid="e128" pos="NOUN" signalID="PRED=SINISTRE" tense="NONE" vform="NONE">sinistre</EVENT>, près une centaine de personnes se <EVENT aspect="NONE" class="STATE" eid="e104" pos="NONE" signalID="PRED=TROUVER" tense="IMPERFECT" vform="NONE">trouvait</EVENT> dans le boulodrome ou trente triplettes <EVENT aspect="NONE" class="ASPECTUAL" eid="e105" pos="NONE" signalID="PRED=ANGAGER" tense="IMPERFECT" vform="NONE">engageaient</EVENT> leur troisième <EVENT aspect="NONE" class="OCCURRENCE" eid="e106" pos="NOUN" signalID="PRED=PARTIE" tense="NONE" vform="NONE">partie</EVENT>. Les consignes de sécurité ont <EVENT aspect="NONE" class="I_ACTION" eid="e108" pos="VERB" signalID="PRED=AVOIR" tense="PAST" vform="PASTPART">eu</EVENT> raison de la <EVENT aspect="NONE" class="OCCURRENCE" eid="e109" pos="NOUN" signalID="PRED=COMPÉTITION" tense="NONE" vform="NONE">compétition</EVENT> : elle a été <EVENT aspect="NONE" class="I_ACTION" eid="e110" pos="VERB" signalID="PRED=ANNULER" tense="PAST" vform="PASTPART">annulée</EVENT>.
<TIMEX3 anchorTimeID="T1" temporalFunction="TRUE" tid="t13" type="DATE" value="2003-02-22TEV" valueFromFunction="TF5">Hier soir</TIMEX3>, les services techniques de la Ville <EVENT aspect="NONE" class="ASPECTUAL" eid="e112" pos="NONE" signalID="PRED=ENGAGER" tense="IMPERFECT" vform="NONE">engageaient</EVENT> des <EVENT aspect="NONE" class="OCCURRENCE" eid="e113" pos="NOUN" signalID="PRED=TRAVAIL" tense="NONE" vform="NONE">travaux</EVENT> pour <EVENT aspect="NONE" class="OCCURRENCE" eid="e114" pos="VERB" signalID="PRED=FERMER" tense="NONE" vform="INFINITIVE">fermer</EVENT> le local tandis que les pompiers s'<EVENT aspect="NONE" class="OCCURRENCE" eid="e115" pos="NONE" signalID="PRED=ORGANISER" tense="IMPERFECT" vform="NONE">organisaient</EVENT> pour <EVENT aspect="NONE" class="OCCURRENCE" eid="e116" pos="VERB" signalID="PRED=EFFECTUER" tense="NONE" vform="INFINITIVE">effectuer</EVENT> des <EVENT aspect="NONE" class="OCCURRENCE" eid="e120" pos="NOUN" signalID="PRED=RONDE" tense="NONE" vform="NONE">rondes</EVENT> <SIGNAL sid="s15">pendant</SIGNAL> <TIMEX3 tid="t14" type="DATE" value="2003-02-22TNI">la nuit</TIMEX3> afin de <EVENT aspect="NONE" class="OCCURRENCE" eid="e117" pos="VERB" signalID="PRED=DÉCELER" tense="NONE" vform="INFINITIVE">déceler</EVENT> toute <EVENT aspect="NONE" class="OCCURRENCE" eid="e118" pos="NOUN" signalID="PRED=REPRISE" tense="NONE" vform="NONE">reprise</EVENT> de feu.
Philippe PIOT
</TEXT><MAKEINSTANCE eiid="ei1" eventID="e1" /><MAKEINSTANCE eiid="ei2" eventID="e2" /><MAKEINSTANCE eiid="ei3" eventID="e3" /><MAKEINSTANCE eiid="ei5" eventID="e5" /><MAKEINSTANCE eiid="ei6" eventID="e6" /><MAKEINSTANCE eiid="ei7" eventID="e7" /><MAKEINSTANCE eiid="ei9" eventID="e9" /><MAKEINSTANCE eiid="ei10" eventID="e10" /><MAKEINSTANCE eiid="ei12" eventID="e12" /><MAKEINSTANCE eiid="ei13" eventID="e13" /><MAKEINSTANCE eiid="ei14" eventID="e14" /><MAKEINSTANCE eiid="ei15" eventID="e15" /><MAKEINSTANCE eiid="ei17" eventID="e17" /><MAKEINSTANCE eiid="ei18" eventID="e18" /><MAKEINSTANCE eiid="ei19" eventID="e19" /><MAKEINSTANCE eiid="ei20" eventID="e20" /><MAKEINSTANCE eiid="ei21" eventID="e21" /><MAKEINSTANCE eiid="ei23" eventID="e23" /><MAKEINSTANCE eiid="ei24" eventID="e24" /><MAKEINSTANCE eiid="ei26" eventID="e26" /><MAKEINSTANCE eiid="ei27" eventID="e27" /><MAKEINSTANCE eiid="ei28" eventID="e28" /><MAKEINSTANCE eiid="ei29" eventID="e29" /><MAKEINSTANCE eiid="ei30" eventID="e30" /><MAKEINSTANCE eiid="ei31" eventID="e31" /><MAKEINSTANCE eiid="ei33" eventID="e33" /><MAKEINSTANCE eiid="ei34" eventID="e34" /><MAKEINSTANCE eiid="ei35" eventID="e35" /><MAKEINSTANCE eiid="ei38" eventID="e38" /><MAKEINSTANCE eiid="ei42" eventID="e42" /><MAKEINSTANCE eiid="ei43" eventID="e43" /><MAKEINSTANCE eiid="ei44" eventID="e44" /><MAKEINSTANCE eiid="ei45" eventID="e45" /><MAKEINSTANCE eiid="ei46" eventID="e46" /><MAKEINSTANCE eiid="ei47" eventID="e47" /><MAKEINSTANCE eiid="ei49" eventID="e49" /><MAKEINSTANCE eiid="ei51" eventID="e51" /><MAKEINSTANCE eiid="ei52" eventID="e52" /><MAKEINSTANCE eiid="ei56" eventID="e56" /><MAKEINSTANCE eiid="ei58" eventID="e58" /><MAKEINSTANCE eiid="ei59" eventID="e59" /><MAKEINSTANCE eiid="ei61" eventID="e61" /><MAKEINSTANCE eiid="ei63" eventID="e63" /><MAKEINSTANCE eiid="ei64" eventID="e64" /><MAKEINSTANCE eiid="ei65" eventID="e65" /><MAKEINSTANCE eiid="ei66" eventID="e66" /><MAKEINSTANCE eiid="ei67" eventID="e67" /><MAKEINSTANCE eiid="ei68" eventID="e68" /><MAKEINSTANCE eiid="ei70" eventID="e70" /><MAKEINSTANCE eiid="ei71" eventID="e71" /><MAKEINSTANCE eiid="ei72" eventID="e72" /><MAKEINSTANCE eiid="ei74" eventID="e74" /><MAKEINSTANCE eiid="ei77" eventID="e77" /><MAKEINSTANCE eiid="ei78" eventID="e78" /><MAKEINSTANCE eiid="ei80" eventID="e80" /><MAKEINSTANCE eiid="ei81" eventID="e81" /><MAKEINSTANCE eiid="ei82" eventID="e82" /><MAKEINSTANCE eiid="ei84" eventID="e84" /><MAKEINSTANCE eiid="ei85" eventID="e85" /><MAKEINSTANCE eiid="ei86" eventID="e86" /><MAKEINSTANCE eiid="ei87" eventID="e87" /><MAKEINSTANCE eiid="ei88" eventID="e88" /><MAKEINSTANCE eiid="ei89" eventID="e89" /><MAKEINSTANCE eiid="ei90" eventID="e90" /><MAKEINSTANCE eiid="ei91" eventID="e91" /><MAKEINSTANCE eiid="ei92" eventID="e92" /><MAKEINSTANCE eiid="ei93" eventID="e93" /><MAKEINSTANCE eiid="ei94" eventID="e94" /><MAKEINSTANCE eiid="ei95" eventID="e95" /><MAKEINSTANCE eiid="ei96" eventID="e96" /><MAKEINSTANCE eiid="ei97" eventID="e97" /><MAKEINSTANCE eiid="ei99" eventID="e99" /><MAKEINSTANCE eiid="ei104" eventID="e104" /><MAKEINSTANCE eiid="ei105" eventID="e105" /><MAKEINSTANCE eiid="ei106" eventID="e106" /><MAKEINSTANCE eiid="ei108" eventID="e108" /><MAKEINSTANCE eiid="ei109" eventID="e109" /><MAKEINSTANCE eiid="ei110" eventID="e110" /><MAKEINSTANCE eiid="ei112" eventID="e112" /><MAKEINSTANCE eiid="ei113" eventID="e113" /><MAKEINSTANCE eiid="ei114" eventID="e114" /><MAKEINSTANCE eiid="ei115" eventID="e115" /><MAKEINSTANCE eiid="ei116" eventID="e116" /><MAKEINSTANCE eiid="ei117" eventID="e117" /><MAKEINSTANCE eiid="ei118" eventID="e118" /><MAKEINSTANCE eiid="ei120" eventID="e120" /><MAKEINSTANCE eiid="ei121" eventID="e121" /><MAKEINSTANCE eiid="ei123" eventID="e123" /><MAKEINSTANCE eiid="ei124" eventID="e124" /><MAKEINSTANCE eiid="ei125" eventID="e125" /><MAKEINSTANCE eiid="ei126" eventID="e126" /><MAKEINSTANCE eiid="ei127" eventID="e127" /><MAKEINSTANCE eiid="ei128" eventID="e128" /></TimeML>
