<?xml version="1.0" encoding="utf-8"?>            
<TimeML><TEXT>
<TIMEX3 functionInDocument="CREATION_TIME" tid="t1" type="DATE" value="2003-02-23" />ADPA.
<SIGNAL sid="s1">Après</SIGNAL> la <EVENT aspect="NONE" class="OCCURRENCE" eid="e1" pos="NOUN" signalID="PRED=PRISE" tense="NONE" vform="NONE">prise</EVENT> de position de Damien Meslot, concernant l'<EVENT aspect="NONE" class="STATE" eid="e28" pos="NOUN" signalID="PRED=ATTITUDE" tense="NONE" vform="NONE">attitude</EVENT> de Christian Proust sur le sujet de l'ADPA (notre édition d'<TIMEX3 anchorTimeID="T1" temporalFunction="TRUE" tid="t2" type="DATE" value="2003-02-22" valueFromFunction="TF17">hier</TIMEX3>), Michel Zumkeller a <EVENT aspect="NONE" class="OCCURRENCE" eid="e4" pos="VERB" signalID="PRED=FAIRE, CLASS=CAUSE" tense="PAST" vform="PASTPART">fait</EVENT> <EVENT aspect="NONE" class="I_STATE" eid="e5" pos="VERB" signalID="PRED=SAVOIR" tense="NONE" vform="INFINITIVE">savoir</EVENT> <TIMEX3 anchorTimeID="T1" temporalFunction="TRUE" tid="t3" type="DATE" value="2003-02-22" valueFromFunction="TF17">hier</TIMEX3> par le biais d'un <EVENT aspect="NONE" class="OCCURRENCE" eid="e29" pos="NOUN" signalID="PRED=COMMUNIQUÉ" tense="NONE" vform="NONE">communiqué</EVENT> qu'il <EVENT aspect="NONE" class="OCCURRENCE" eid="e6" pos="NONE" signalID="PRED=TRAVAILLER" tense="IMPERFECT" vform="NONE">travaillait</EVENT> avec un groupe de députés de toutes sensibilités politiques et responsables, pour <EVENT aspect="NONE" class="OCCURRENCE" eid="e7" pos="VERB" signalID="PRED=TROUVER" tense="NONE" vform="INFINITIVE">trouver</EVENT> des <EVENT aspect="NONE" class="OCCURRENCE" eid="e8" pos="NOUN" signalID="PRED=SOLUTION" tense="NONE" vform="NONE">solutions</EVENT> durables et équitables <SIGNAL sid="s2">au</SIGNAL> <EVENT aspect="NONE" class="OCCURRENCE" eid="e9" pos="NOUN" signalID="PRED=PROBLÈME" tense="NONE" vform="NONE">problème</EVENT> financier <EVENT aspect="NONE" class="I_STATE" eid="e10" pos="VERB" signalID="PRED=POSER" tense="NONE" vform="PASTPART">posé</EVENT> par l'ADPA. « Le gouvernement Jospin a <EVENT aspect="NONE" class="OCCURRENCE" eid="e12" pos="VERB" signalID="PRED=METTRE" tense="PAST" vform="PASTPART">mis</EVENT> en place l'ADPA mais sans <EVENT aspect="NONE" class="STATE" eid="e27" pos="VERB" signalID="PRED=PRÉVOIR" tense="NONE" vform="INFINITIVE">prévoir</EVENT> les sources de financement. C'est aussi pour cela qu'il a été <EVENT aspect="NONE" class="OCCURRENCE" eid="e13" pos="VERB" signalID="PRED=SANCTIONNER" tense="PAST" vform="PASTPART">sanctionné</EVENT> <SIGNAL sid="s3">en</SIGNAL> <TIMEX3 anchorTimeID="T1" temporalFunction="TRUE" tid="t4" type="DATE" value="2002-05">mai</TIMEX3> et <TIMEX3 anchorTimeID="T1" temporalFunction="TRUE" tid="t5" type="DATE" value="2002-06" valueFromFunction="TF10">juin derniers</TIMEX3>. <SIGNAL sid="s4">Alors que</SIGNAL> Christian Proust <EVENT aspect="NONE" class="OCCURRENCE" eid="e14" pos="NONE" signalID="PRED=DILAPIDER" tense="PRESENT" vform="NONE">dilapide</EVENT> l'argent du contribuable en <EVENT aspect="NONE" class="OCCURRENCE" eid="e15" pos="VERB" signalID="PRED=ACHETER" tense="NONE" vform="GERUNDIVE">achetant</EVENT> des pages de quotidiens pour <EVENT aspect="NONE" class="I_ACTION" eid="e16" pos="VERB" signalID="PRED=MENER" tense="NONE" vform="INFINITIVE">mener</EVENT> sa propre <EVENT aspect="NONE" class="OCCURRENCE" eid="e17" pos="NOUN" signalID="PRED=CAMPAGNE" tense="NONE" vform="NONE">campagne</EVENT> électorale, je <EVENT aspect="NONE" class="OCCURRENCE" eid="e18" pos="NONE" signalID="PRED=TRAVAILLER" tense="PRESENT" vform="NONE">travaille</EVENT> sans relâche sur le dossier sensible de l'ADPA ». Michel Zumkeller a par ailleurs <EVENT aspect="NONE" class="REPORTING" eid="e19" pos="VERB" signalID="PRED=INDIQUER" tense="PAST" vform="PASTPART">indiqué</EVENT> qu'il venait d'être <EVENT aspect="PERFECTIVE" class="STATE" eid="e21" pos="VERB" signalID="PRED=NOMMER" tense="PRESENT" vform="PASTPART">nommé</EVENT> vice-président du groupe d'études <EVENT aspect="NONE" class="OCCURRENCE" eid="e22" pos="VERB" signalID="PRED=CHARGER" tense="NONE" vform="PASTPART">chargé</EVENT> de la dépendance afin d'<EVENT aspect="NONE" class="OCCURRENCE" eid="e24" pos="VERB" signalID="PRED=APPORTER" tense="NONE" vform="INFINITIVE">apporter</EVENT> une <EVENT aspect="NONE" class="REPORTING" eid="e25" pos="NOUN" signalID="PRED=RÉPONSE" tense="NONE" vform="NONE">réponse</EVENT> réaliste et humaine en accord avec ses engagements.
</TEXT><MAKEINSTANCE eiid="ei1" eventID="e1" /><MAKEINSTANCE eiid="ei4" eventID="e4" /><MAKEINSTANCE eiid="ei5" eventID="e5" /><MAKEINSTANCE eiid="ei6" eventID="e6" /><MAKEINSTANCE eiid="ei7" eventID="e7" /><MAKEINSTANCE eiid="ei8" eventID="e8" /><MAKEINSTANCE eiid="ei9" eventID="e9" /><MAKEINSTANCE eiid="ei10" eventID="e10" /><MAKEINSTANCE eiid="ei12" eventID="e12" /><MAKEINSTANCE eiid="ei13" eventID="e13" /><MAKEINSTANCE eiid="ei14" eventID="e14" /><MAKEINSTANCE eiid="ei15" eventID="e15" /><MAKEINSTANCE eiid="ei16" eventID="e16" /><MAKEINSTANCE eiid="ei17" eventID="e17" /><MAKEINSTANCE eiid="ei18" eventID="e18" /><MAKEINSTANCE eiid="ei19" eventID="e19" /><MAKEINSTANCE eiid="ei21" eventID="e21" /><MAKEINSTANCE eiid="ei22" eventID="e22" /><MAKEINSTANCE eiid="ei24" eventID="e24" /><MAKEINSTANCE eiid="ei25" eventID="e25" /><MAKEINSTANCE eiid="ei27" eventID="e27" /><MAKEINSTANCE eiid="ei28" eventID="e28" /><MAKEINSTANCE eiid="ei29" eventID="e29" /></TimeML>
