<?xml version="1.0" encoding="utf-8"?>            
<TimeML><TEXT>
<TIMEX3 functionInDocument="CREATION_TIME" tid="t1" type="DATE" value="2003-02-21" />Une Alsacienne de 6 ans se <EVENT aspect="NONE" class="OCCURRENCE" eid="e1" pos="NONE" signalID="PRED=NOYER" tense="PRESENT" vform="NONE">noie</EVENT>.
STRASBOURG. _ Une fillette de 6 ans s'est <EVENT aspect="NONE" class="OCCURRENCE" eid="e2" pos="VERB" signalID="PRED=NOYER" tense="PAST" vform="PASTPART">noyée</EVENT> <TIMEX3 tid="t4" type="DATE" value="2003-02-18TEV">mardi soir</TIMEX3> dans la piscine d'un centre de villégiature près d'Obernai. Pauline, en vacances avec sa famille au domaine Saint-Jacques, a été <EVENT aspect="NONE" class="OCCURRENCE" eid="e4" pos="VERB" signalID="PRED=TRANSPORTER" tense="PAST" vform="PASTPART">transportée</EVENT> à l'hôpital de Hautepierre à Strasbourg, <SIGNAL sid="s1">après</SIGNAL> avoir <EVENT aspect="PERFECTIVE" class="OCCURRENCE" eid="e5" pos="VERB" signalID="PRED=COULER" tense="PRESENT" vform="INFINITIVE">coulé</EVENT> dans le grand bassin de la piscine couverte du site. <EVENT aspect="NONE" class="OCCURRENCE" eid="e7" pos="VERB" signalID="PRED=SECOURIR" tense="NONE" vform="PASTPART">Secourue</EVENT> rapidement, son cœur est <EVENT aspect="NONE" class="OCCURRENCE" eid="e8" pos="VERB" signalID="PRED=REPARTIR" tense="PAST" vform="PASTPART">reparti</EVENT>, mais elle n'avait pas <EVENT aspect="PERFECTIVE" class="OCCURRENCE" eid="e9" polarity="NEG" pos="VERB" signalID="PRED=REPRENDRE" tense="PAST" vform="PASTPART">repris</EVENT> conscience <SIGNAL sid="s2">lors de</SIGNAL> son <EVENT aspect="NONE" class="OCCURRENCE" eid="e10" pos="NOUN" signalID="PRED=ADMISSION" tense="NONE" vform="NONE">admission</EVENT> à l'hôpital, où elle est <EVENT aspect="NONE" class="OCCURRENCE" eid="e11" pos="VERB" signalID="PRED=DÉCÉDER" tense="PAST" vform="PASTPART">décédée</EVENT>. Les gendarmes d'Obernai <EVENT aspect="NONE" class="OCCURRENCE" eid="e12" pos="NONE" signalID="PRED=ENQUÊTER" tense="PRESENT" vform="NONE">enquêtent</EVENT>.
</TEXT><MAKEINSTANCE eiid="ei1" eventID="e1" /><MAKEINSTANCE eiid="ei2" eventID="e2" /><MAKEINSTANCE eiid="ei4" eventID="e4" /><MAKEINSTANCE eiid="ei5" eventID="e5" /><MAKEINSTANCE eiid="ei7" eventID="e7" /><MAKEINSTANCE eiid="ei8" eventID="e8" /><MAKEINSTANCE eiid="ei9" eventID="e9" /><MAKEINSTANCE eiid="ei10" eventID="e10" /><MAKEINSTANCE eiid="ei11" eventID="e11" /><MAKEINSTANCE eiid="ei12" eventID="e12" /></TimeML>
