<?xml version="1.0" encoding="utf-8"?>            
<TimeML><TEXT>
<TIMEX3 functionInDocument="CREATION_TIME" tid="t1" type="DATE" value="2003-02-24" />Les <EVENT aspect="NONE" class="OCCURRENCE" eid="e1" pos="NOUN" signalID="PRED=ÉLECTION" tense="NONE" vform="NONE">élections</EVENT> au sein du futur Conseil français du culte musulman (CFCM) <EVENT aspect="NONE" class="EVENT_CONTAINER" eid="e3" pos="NONE" signalID="PRED=AVOIR LIEU" tense="FUTURE" vform="NONE">auront</EVENT> lieu les <TIMEX3 temporalFunction="TRUE" tid="t3" type="DATE" value="2003-04-06">6</TIMEX3> <SIGNAL sid="s1">et</SIGNAL> <TIMEX3 temporalFunction="TRUE" tid="t4" type="DATE" value="2003-04-13">13 avril</TIMEX3> prochains pour <EVENT aspect="NONE" class="OCCURRENCE" eid="e4" pos="VERB" signalID="PRED=DÉSIGNER" tense="NONE" vform="INFINITIVE">désigner</EVENT> leurs instances dirigeantes. Instance <EVENT aspect="NONE" class="STATE" eid="e5" pos="VERB" signalID="PRED=REPRÉSENTER" tense="NONE" vform="PRESPART">représentant</EVENT> les cinq millions de Français de culte musulman, le CFCM a <EVENT aspect="NONE" class="OCCURRENCE" eid="e6" pos="VERB" signalID="PRED=VOIR LE JOUR" tense="PAST" vform="PASTPART">vu</EVENT> le jour <TIMEX3 anchorTimeID="T1" temporalFunction="TRUE" tid="t6" type="DATE" value="2002-12-20" valueFromFunction="TF7">le 20 décembre dernier</TIMEX3> sous la houlette de Nicolas Sarkozy <SIGNAL sid="s2">au terme de</SIGNAL> <TIMEX3 anchorTimeID="T6" functionInDocument="NONE" temporalFunction="TRUE" tid="t8" type="DURATION" value="P3Y">trois ans</TIMEX3> de <EVENT aspect="NONE" class="OCCURRENCE" eid="e7" pos="NOUN" signalID="PRED=TRACTATION" tense="NONE" vform="NONE">tractations</EVENT> parfois difficiles.
</TEXT><MAKEINSTANCE eiid="ei1" eventID="e1" /><MAKEINSTANCE eiid="ei3" eventID="e3" /><MAKEINSTANCE eiid="ei4" eventID="e4" /><MAKEINSTANCE eiid="ei5" eventID="e5" /><MAKEINSTANCE eiid="ei6" eventID="e6" /><MAKEINSTANCE eiid="ei7" eventID="e7" /></TimeML>
