<?xml version="1.0" encoding="utf-8"?>            
<TimeML><TEXT>
<SIGNAL sid="s1"><TIMEX3 functionInDocument="CREATION_TIME" tid="t1" type="DATE" value="2003-02-07" />A compter du</SIGNAL> <TIMEX3 anchorTimeID="T1" temporalFunction="TRUE" tid="t2" type="DATE" value="2003-09-01" valueFromFunction="TF7">1er septembre prochain</TIMEX3>, les Commerciens n'<EVENT aspect="NONE" class="OCCURRENCE" eid="e2" polarity="NEG" pos="NONE" signalID="PRED=" tense="FUTURE" vform="NONE">appelleront</EVENT> plus la police mais la gendarmerie à la rescousse. La <EVENT aspect="NONE" class="OCCURRENCE" eid="e3" pos="NOUN" signalID="PRED=DÉCISION" tense="NONE" vform="NONE">décision</EVENT> de Nicolas Sarkozy de <EVENT aspect="NONE" class="OCCURRENCE" eid="e4" pos="VERB" signalID="PRED=FERMER" tense="NONE" vform="INFINITIVE">fermer</EVENT> le commissariat de Commercy a été <EVENT aspect="NONE" class="OCCURRENCE" eid="e5" pos="VERB" signalID="PRED=RENDRE" tense="PAST" vform="PASTPART">rendue</EVENT> officiellement <EVENT aspect="NONE" class="STATE" eid="e11" pos="ADJECTIVE" signalID="PRED=PUBLIC" tense="NONE" vform="NONE">publique</EVENT> <TIMEX3 anchorTimeID="T1" temporalFunction="TRUE" tid="t3" type="DATE" value="2003-02-06TAF" valueFromFunction="TF17">hier après-midi</TIMEX3> par le préfet Bernard Fitoussi. Un <EVENT aspect="NONE" class="OCCURRENCE" eid="e6" pos="NOUN" signalID="PRED=CHOIX" tense="NONE" vform="NONE">choix</EVENT> qui <EVENT aspect="NONE" class="MODAL" eid="e7" pos="NONE" signalID="MOOD=CONDITIONAL, PRED=DEVOIR" tense="PRESENT" vform="NONE">devrait</EVENT> <EVENT aspect="NONE" class="I_ACTION" eid="e8" modality="PROBABILITY" pos="VERB" signalID="PRED=PERMETTRE" tense="NONE" vform="INFINITIVE">permettre</EVENT> d'<EVENT aspect="NONE" class="OCCURRENCE" eid="e9" modality="POSSIBILITY" pos="VERB" signalID="PRED=ATTEINDRE" tense="NONE" vform="INFINITIVE">atteindre</EVENT> «un haut niveau de sécurité et d'efficacité» a-t-il <EVENT aspect="NONE" class="REPORTING" eid="e12" pos="VERB" signalID="PRED=DÉCLARER" tense="PAST" vform="PASTPART">déclaré</EVENT>.
</TEXT><MAKEINSTANCE eiid="ei2" eventID="e2" /><MAKEINSTANCE eiid="ei3" eventID="e3" /><MAKEINSTANCE eiid="ei4" eventID="e4" /><MAKEINSTANCE eiid="ei5" eventID="e5" /><MAKEINSTANCE eiid="ei6" eventID="e6" /><MAKEINSTANCE eiid="ei7" eventID="e7" /><MAKEINSTANCE eiid="ei8" eventID="e8" /><MAKEINSTANCE eiid="ei9" eventID="e9" /><MAKEINSTANCE eiid="ei11" eventID="e11" /><MAKEINSTANCE eiid="ei12" eventID="e12" /></TimeML>
