<?xml version="1.0" encoding="utf-8"?>            
<TimeML><TEXT>
<TIMEX3 functionInDocument="CREATION_TIME" tid="t1" type="DATE" value="2003-02-04" />Un mufti de la République en Algérie. - La fonction de Mufti de la République, chargé officiellement des fatwas (décrets religieux) a été <EVENT aspect="NONE" class="OCCURRENCE" eid="e1" pos="VERB" signalID="PRED=CRÉER" tense="PAST" vform="PASTPART">créée</EVENT> par le gouvernement algérien, a-t-on <EVENT aspect="NONE" class="REPORTING" eid="e3" pos="VERB" signalID="PRED=AVOIR" tense="PAST" vform="PASTPART">annoncé</EVENT> <TIMEX3 anchorTimeID="T1" temporalFunction="TRUE" tid="t2" type="DATE" value="2003-02-03" valueFromFunction="TF17">hier</TIMEX3> à Alger. Le titulaire de cette nouvelle fonction en Algérie, <EVENT aspect="NONE" class="MODAL" eid="e4" pos="NONE" signalID="PRED=DEVOIR" tense="FUTURE" vform="NONE">devra</EVENT> <EVENT aspect="NONE" class="STATE" eid="e5" modality="OBLIGATION" pos="VERB" signalID="PRED=PRÉSIDER" tense="NONE" vform="INFINITIVE">présider</EVENT> le Dar el-ifta (l'organisme de la fatwa), également <TIMEX3 functionInDocument="NONE" temporalFunction="TRUE" tid="t4" type="DATE" value="PAST_REF">nouvellement</TIMEX3> <EVENT aspect="NONE" class="OCCURRENCE" eid="e6" pos="VERB" signalID="PRED=CRÉER" tense="NONE" vform="PASTPART">créé</EVENT>.
</TEXT><MAKEINSTANCE eiid="ei1" eventID="e1" /><MAKEINSTANCE eiid="ei3" eventID="e3" /><MAKEINSTANCE eiid="ei4" eventID="e4" /><MAKEINSTANCE eiid="ei5" eventID="e5" /><MAKEINSTANCE eiid="ei6" eventID="e6" /></TimeML>
