<?xml version="1.0" encoding="utf-8"?>            
<TimeML><TEXT>
<TIMEX3 functionInDocument="CREATION_TIME" tid="t1" type="DATE" value="2003-02-04" />L'Algérie dans le noir. - Une <EVENT aspect="NONE" class="OCCURRENCE" eid="e1" pos="NOUN" signalID="PRED=PANNE" tense="NONE" vform="NONE">panne</EVENT> générale de courant a <EVENT aspect="NONE" class="OCCURRENCE" eid="e2" pos="VERB" signalID="PRED=PLONGER" tense="PAST" vform="PASTPART">plongé</EVENT> <TIMEX3 anchorTimeID="T1" temporalFunction="TRUE" tid="t2" type="DATE" value="2003-02-03TEV" valueFromFunction="TF5">hier soir</TIMEX3> l'Algérie dans le noir, dont la capitale Alger. La plupart des grandes villes algériennes ont également été <EVENT aspect="NONE" class="OCCURRENCE" eid="e3" pos="VERB" signalID="PRED=TOUCHER" tense="PAST" vform="PASTPART">touchées</EVENT> par cette gigantesque <EVENT aspect="NONE" class="OCCURRENCE" eid="e4" pos="NOUN" signalID="PRED=PANNE" tense="NONE" vform="NONE">panne</EVENT> qui serait <EVENT aspect="NONE" class="OCCURRENCE" eid="e10" pos="VERB" signalID="PRED=DEVOIR, CLASS=CAUSE" tense="NONE" vform="PASTPART">due</EVENT> à un « <EVENT aspect="NONE" class="OCCURRENCE" eid="e6" pos="NOUN" signalID="PRED=INCIDENT" tense="NONE" vform="NONE">incident</EVENT> » à la centrale Elhamma d'Alger, selon une source officielle. Cette nouvelle centrale, alimentée au gaz naturel, avait été <EVENT aspect="PERFECTIVE" class="OCCURRENCE" eid="e7" pos="VERB" signalID="PRED=INAUGURER" tense="PAST" vform="PASTPART">inaugurée</EVENT> <SIGNAL sid="s2">il y a</SIGNAL> <TIMEX3 endPoint="T1" tid="t3" type="DURATION" value="PXM">quelques mois</TIMEX3> par le président Abdelaziz Bouteflika. Le courant <EVENT aspect="NONE" class="MODAL" eid="e8" pos="NONE" signalID="PRED=DEVOIR" tense="IMPERFECT" vform="NONE">devait</EVENT> être <EVENT aspect="NONE" class="OCCURRENCE" eid="e9" modality="OBLIGATION" pos="VERB" signalID="PRED=RÉTABLIR" tense="NONE" vform="PASTPART">rétablie</EVENT> en totalité <SIGNAL sid="s1">au cours de</SIGNAL> <TIMEX3 tid="t4" type="TIME" value="2003-02-04TNI">la nuit</TIMEX3>.
</TEXT><MAKEINSTANCE eiid="ei1" eventID="e1" /><MAKEINSTANCE eiid="ei2" eventID="e2" /><MAKEINSTANCE eiid="ei3" eventID="e3" /><MAKEINSTANCE eiid="ei4" eventID="e4" /><MAKEINSTANCE eiid="ei6" eventID="e6" /><MAKEINSTANCE eiid="ei7" eventID="e7" /><MAKEINSTANCE eiid="ei8" eventID="e8" /><MAKEINSTANCE eiid="ei9" eventID="e9" /><MAKEINSTANCE eiid="ei10" eventID="e10" /></TimeML>
